-- ============================================================
-- 职业能力大数据服务平台 — 初始化数据库脚本
-- 版本: v1.0
-- 引擎: InnoDB | 字符集: utf8mb4
-- 执行方式: mysql -u root -p < init.sql
-- ============================================================

CREATE DATABASE IF NOT EXISTS occupation
    DEFAULT CHARACTER SET utf8mb4
    DEFAULT COLLATE utf8mb4_unicode_ci;

USE occupation;

-- 强制客户端连接字符集，防止 docker-entrypoint 执行本脚本时中文种子数据变乱码
SET NAMES utf8mb4;

-- ============================================================
-- 1. 租户表（多租户核心表，不含 tenant_id）
-- ============================================================
DROP TABLE IF EXISTS sys_tenant;
CREATE TABLE sys_tenant (
    id          BIGINT       NOT NULL AUTO_INCREMENT COMMENT '租户ID',
    name        VARCHAR(100) NOT NULL COMMENT '租户名称（学校/企业名称）',
    status      TINYINT      NOT NULL DEFAULT 1 COMMENT '状态：1=启用 0=禁用',
    created_at  DATETIME     NOT NULL DEFAULT CURRENT_TIMESTAMP COMMENT '创建时间',
    updated_at  DATETIME     NOT NULL DEFAULT CURRENT_TIMESTAMP ON UPDATE CURRENT_TIMESTAMP COMMENT '更新时间',
    PRIMARY KEY (id)
) ENGINE=InnoDB DEFAULT CHARSET=utf8mb4 COMMENT='租户表';

-- ============================================================
-- 2. 用户表
-- ============================================================
DROP TABLE IF EXISTS sys_user;
CREATE TABLE sys_user (
    id            BIGINT       NOT NULL AUTO_INCREMENT COMMENT '用户ID',
    tenant_id     BIGINT       NOT NULL COMMENT '所属租户ID',
    username      VARCHAR(50)  NOT NULL COMMENT '用户名',
    password_hash VARCHAR(255) NOT NULL COMMENT '密码（BCrypt 加密）',
    role          VARCHAR(20)  NOT NULL COMMENT '角色：STUDENT/TEACHER/ADMIN/HR',
    real_name     VARCHAR(50)  DEFAULT NULL COMMENT '真实姓名',
    phone         VARCHAR(20)  DEFAULT NULL COMMENT '手机号',
    email         VARCHAR(100) DEFAULT NULL COMMENT '邮箱',
    status        TINYINT      NOT NULL DEFAULT 1 COMMENT '状态：1=启用 0=禁用',
    deleted       TINYINT      NOT NULL DEFAULT 0 COMMENT '逻辑删除：0=正常 1=已删除',
    create_time   DATETIME     NOT NULL DEFAULT CURRENT_TIMESTAMP COMMENT '创建时间',
    update_time   DATETIME     NOT NULL DEFAULT CURRENT_TIMESTAMP ON UPDATE CURRENT_TIMESTAMP COMMENT '更新时间',
    PRIMARY KEY (id),
    UNIQUE KEY uk_tenant_username (tenant_id, username),
    KEY idx_tenant_id (tenant_id),
    KEY idx_role (role)
) ENGINE=InnoDB DEFAULT CHARSET=utf8mb4 COMMENT='用户表';

-- ============================================================
-- 3. 学生画像表
-- ============================================================
DROP TABLE IF EXISTS sys_student_profile;
CREATE TABLE sys_student_profile (
    id                 BIGINT       NOT NULL AUTO_INCREMENT COMMENT '画像ID',
    tenant_id          BIGINT       NOT NULL COMMENT '所属租户ID',
    user_id            BIGINT       NOT NULL COMMENT '关联用户ID',
    major              VARCHAR(100) DEFAULT NULL COMMENT '专业',
    skills             TEXT         DEFAULT NULL COMMENT '技能列表（JSON 数组或逗号分隔）',
    expected_city      VARCHAR(50)  DEFAULT NULL COMMENT '意向城市',
    expected_industry  VARCHAR(100) DEFAULT NULL COMMENT '意向行业',
    expected_salary_min INT         DEFAULT NULL COMMENT '期望薪资下限（元）',
    expected_salary_max INT         DEFAULT NULL COMMENT '期望薪资上限（元）',
    education_level    VARCHAR(20)  DEFAULT NULL COMMENT '学历：专科/本科/硕士/博士',
    deleted            TINYINT      NOT NULL DEFAULT 0 COMMENT '逻辑删除',
    create_time        DATETIME     NOT NULL DEFAULT CURRENT_TIMESTAMP COMMENT '创建时间',
    update_time        DATETIME     NOT NULL DEFAULT CURRENT_TIMESTAMP ON UPDATE CURRENT_TIMESTAMP COMMENT '更新时间',
    PRIMARY KEY (id),
    UNIQUE KEY uk_user_id (user_id),
    KEY idx_tenant_id (tenant_id)
) ENGINE=InnoDB DEFAULT CHARSET=utf8mb4 COMMENT='学生画像表';

-- ============================================================
-- 4. 采集任务表
-- ============================================================
DROP TABLE IF EXISTS crawler_task;
CREATE TABLE crawler_task (
    id          BIGINT       NOT NULL AUTO_INCREMENT COMMENT '任务ID',
    tenant_id   BIGINT       NOT NULL COMMENT '所属租户ID',
    source_type VARCHAR(30)  NOT NULL COMMENT '采集源类型：BOSS_ZHIPIN/ZHAOPIN/COMPANY_OFFICIAL',
    source_name VARCHAR(100) NOT NULL COMMENT '采集源名称',
    url_pattern VARCHAR(500) DEFAULT NULL COMMENT 'URL 匹配模式',
    cron_expr   VARCHAR(50)  DEFAULT NULL COMMENT 'Cron 定时表达式',
    status      TINYINT      NOT NULL DEFAULT 0 COMMENT '状态：0=停止 1=运行中',
    deleted     TINYINT      NOT NULL DEFAULT 0 COMMENT '逻辑删除',
    create_time DATETIME     NOT NULL DEFAULT CURRENT_TIMESTAMP COMMENT '创建时间',
    update_time DATETIME     NOT NULL DEFAULT CURRENT_TIMESTAMP ON UPDATE CURRENT_TIMESTAMP COMMENT '更新时间',
    PRIMARY KEY (id),
    KEY idx_tenant_id (tenant_id),
    KEY idx_status (status)
) ENGINE=InnoDB DEFAULT CHARSET=utf8mb4 COMMENT='采集任务表';

-- ============================================================
-- 5. 采集日志表
-- ============================================================
DROP TABLE IF EXISTS crawler_log;
CREATE TABLE crawler_log (
    id          BIGINT   NOT NULL AUTO_INCREMENT COMMENT '日志ID',
    task_id     BIGINT   NOT NULL COMMENT '关联采集任务ID',
    tenant_id   BIGINT   NOT NULL COMMENT '所属租户ID',
    start_time  DATETIME DEFAULT NULL COMMENT '开始时间',
    end_time    DATETIME DEFAULT NULL COMMENT '结束时间',
    record_count INT     DEFAULT 0 COMMENT '采集记录数',
    status      VARCHAR(20) NOT NULL DEFAULT 'RUNNING' COMMENT '状态：RUNNING/SUCCESS/FAILED',
    error_msg   TEXT     DEFAULT NULL COMMENT '错误信息',
    create_time DATETIME NOT NULL DEFAULT CURRENT_TIMESTAMP COMMENT '创建时间',
    PRIMARY KEY (id),
    KEY idx_task_id (task_id),
    KEY idx_tenant_id (tenant_id)
) ENGINE=InnoDB DEFAULT CHARSET=utf8mb4 COMMENT='采集日志表';

-- ============================================================
-- 6. 原始职位数据表（不含 tenant_id，全平台共享）
-- ============================================================
DROP TABLE IF EXISTS raw_job_data;
CREATE TABLE raw_job_data (
    id          BIGINT       NOT NULL AUTO_INCREMENT COMMENT '数据ID',
    source      VARCHAR(50)  NOT NULL COMMENT '数据来源',
    source_url  VARCHAR(500) DEFAULT NULL COMMENT '来源URL',
    raw_content LONGTEXT     NOT NULL COMMENT '原始内容（JSON）',
    fetch_time  DATETIME     NOT NULL COMMENT '采集时间',
    status      VARCHAR(20)  NOT NULL DEFAULT 'RAW' COMMENT '状态：RAW=原始 CLEANED=已清洗',
    create_time DATETIME     NOT NULL DEFAULT CURRENT_TIMESTAMP COMMENT '创建时间',
    PRIMARY KEY (id),
    KEY idx_source (source),
    KEY idx_status (status),
    KEY idx_fetch_time (fetch_time)
) ENGINE=InnoDB DEFAULT CHARSET=utf8mb4 COMMENT='原始职位数据表';

-- ============================================================
-- 7. 清洗后职位表（全平台共享，不含 tenant_id）
-- ============================================================
DROP TABLE IF EXISTS job_detail;
CREATE TABLE job_detail (
    id           BIGINT       NOT NULL AUTO_INCREMENT COMMENT '职位ID',
    title        VARCHAR(200) NOT NULL COMMENT '职位标题',
    company      VARCHAR(200) DEFAULT NULL COMMENT '公司名称',
    city         VARCHAR(50)  DEFAULT NULL COMMENT '城市',
    industry     VARCHAR(100) DEFAULT NULL COMMENT '行业',
    salary_min   INT          DEFAULT NULL COMMENT '薪资最低值（元）',
    salary_max   INT          DEFAULT NULL COMMENT '薪资最高值（元）',
    education    VARCHAR(20)  DEFAULT NULL COMMENT '学历要求',
    experience   VARCHAR(50)  DEFAULT NULL COMMENT '经验要求',
    skills       TEXT         DEFAULT NULL COMMENT '技能标签（JSON 数组）',
    description  LONGTEXT     DEFAULT NULL COMMENT '职位描述',
    publish_date DATE         DEFAULT NULL COMMENT '发布日期',
    source       VARCHAR(50)  DEFAULT NULL COMMENT '数据来源',
    source_url   VARCHAR(500) DEFAULT NULL COMMENT '来源URL',
    publisher_id BIGINT       DEFAULT NULL COMMENT '发布者用户ID（仅 source=HR_PUBLISH 有值；采集数据为 NULL）',
    create_time  DATETIME     NOT NULL DEFAULT CURRENT_TIMESTAMP COMMENT '创建时间',
    update_time  DATETIME     NOT NULL DEFAULT CURRENT_TIMESTAMP ON UPDATE CURRENT_TIMESTAMP COMMENT '更新时间',
    PRIMARY KEY (id),
    KEY idx_city (city),
    KEY idx_industry (industry),
    KEY idx_salary (salary_min, salary_max),
    KEY idx_publish_date (publish_date),
    KEY idx_publisher_id (publisher_id)
) ENGINE=InnoDB DEFAULT CHARSET=utf8mb4 COMMENT='清洗后职位详情表';

-- ============================================================
-- 8. 分析结果表
-- ============================================================
DROP TABLE IF EXISTS analysis_result;
CREATE TABLE analysis_result (
    id              BIGINT        NOT NULL AUTO_INCREMENT COMMENT '结果ID',
    tenant_id       BIGINT        NOT NULL COMMENT '所属租户ID',
    dimension       VARCHAR(50)   NOT NULL COMMENT '分析维度：industry/city/skill/education/trend',
    dimension_value VARCHAR(200)  NOT NULL COMMENT '维度值（如"Java"、"北京"）',
    metric_name     VARCHAR(50)   NOT NULL COMMENT '指标名称：job_count/avg_salary_min/avg_salary_max',
    metric_value    DECIMAL(20,4) NOT NULL COMMENT '指标值',
    period_type     VARCHAR(10)   DEFAULT NULL COMMENT '周期类型：DAY/WEEK/MONTH/YEAR',
    period_value    VARCHAR(20)   DEFAULT NULL COMMENT '周期值（如"20260706"、"2026W27"）',
    calc_time       DATETIME      NOT NULL DEFAULT CURRENT_TIMESTAMP COMMENT '计算时间',
    PRIMARY KEY (id),
    KEY idx_tenant_dimension (tenant_id, dimension),
    KEY idx_dimension_value (dimension, dimension_value),
    KEY idx_calc_time (calc_time)
) ENGINE=InnoDB DEFAULT CHARSET=utf8mb4 COMMENT='分析结果表';

-- ============================================================
-- 9. 报告模板表
-- ============================================================
DROP TABLE IF EXISTS report_template;
CREATE TABLE report_template (
    id               BIGINT       NOT NULL AUTO_INCREMENT COMMENT '模板ID',
    tenant_id        BIGINT       NOT NULL COMMENT '所属租户ID',
    name             VARCHAR(200) NOT NULL COMMENT '模板名称',
    industry         VARCHAR(100) DEFAULT NULL COMMENT '适用行业（NULL=通用）',
    type             VARCHAR(20)  NOT NULL COMMENT '报告类型：MONTHLY/QUARTERLY/YEARLY',
    template_content LONGTEXT     DEFAULT NULL COMMENT '模板内容（JSON 结构）',
    status           TINYINT      NOT NULL DEFAULT 1 COMMENT '状态：1=启用 0=禁用',
    deleted          TINYINT      NOT NULL DEFAULT 0 COMMENT '逻辑删除',
    create_time      DATETIME     NOT NULL DEFAULT CURRENT_TIMESTAMP COMMENT '创建时间',
    update_time      DATETIME     NOT NULL DEFAULT CURRENT_TIMESTAMP ON UPDATE CURRENT_TIMESTAMP COMMENT '更新时间',
    PRIMARY KEY (id),
    KEY idx_tenant_id (tenant_id),
    KEY idx_type (type)
) ENGINE=InnoDB DEFAULT CHARSET=utf8mb4 COMMENT='报告模板表';

-- ============================================================
-- 10. 报告记录表
-- ============================================================
DROP TABLE IF EXISTS report_record;
CREATE TABLE report_record (
    id          BIGINT       NOT NULL AUTO_INCREMENT COMMENT '记录ID',
    tenant_id   BIGINT       NOT NULL COMMENT '所属租户ID',
    template_id BIGINT       NOT NULL COMMENT '关联模板ID',
    params      TEXT         DEFAULT NULL COMMENT '生成参数（JSON）',
    file_url    VARCHAR(500) DEFAULT NULL COMMENT '生成文件URL',
    file_type   VARCHAR(10)  DEFAULT NULL COMMENT '文件类型：PDF/WORD/HTML',
    ai_summary  LONGTEXT     DEFAULT NULL COMMENT '生成时产出的智能摘要（开放API直接读取，避免重复调用大模型）',
    status      VARCHAR(20)  NOT NULL DEFAULT 'PENDING' COMMENT '状态：PENDING/GENERATING/SUCCESS/FAILED',
    error_msg   TEXT         DEFAULT NULL COMMENT '错误信息',
    deleted     TINYINT      NOT NULL DEFAULT 0 COMMENT '逻辑删除',
    create_time DATETIME     NOT NULL DEFAULT CURRENT_TIMESTAMP COMMENT '创建时间',
    update_time DATETIME     NOT NULL DEFAULT CURRENT_TIMESTAMP ON UPDATE CURRENT_TIMESTAMP COMMENT '更新时间',
    PRIMARY KEY (id),
    KEY idx_tenant_id (tenant_id),
    KEY idx_template_id (template_id),
    KEY idx_status (status)
) ENGINE=InnoDB DEFAULT CHARSET=utf8mb4 COMMENT='报告记录表';

-- ============================================================
-- 11. 推送记录表
-- ============================================================
DROP TABLE IF EXISTS push_record;
CREATE TABLE push_record (
    id          BIGINT       NOT NULL AUTO_INCREMENT COMMENT '推送ID',
    tenant_id   BIGINT       NOT NULL COMMENT '所属租户ID',
    user_id     BIGINT       NOT NULL COMMENT '目标用户ID',
    type        VARCHAR(20)  NOT NULL COMMENT '推送类型：RECOMMEND/SYSTEM',
    title       VARCHAR(200) NOT NULL COMMENT '推送标题',
    content     TEXT         DEFAULT NULL COMMENT '推送内容',
    is_read     TINYINT      NOT NULL DEFAULT 0 COMMENT '是否已读：0=未读 1=已读',
    create_time DATETIME     NOT NULL DEFAULT CURRENT_TIMESTAMP COMMENT '创建时间',
    PRIMARY KEY (id),
    KEY idx_user_read (user_id, is_read),
    KEY idx_tenant_id (tenant_id)
) ENGINE=InnoDB DEFAULT CHARSET=utf8mb4 COMMENT='推送记录表';

-- ============================================================
-- 12. 学生行为记录表
-- ============================================================
DROP TABLE IF EXISTS student_behavior;
CREATE TABLE student_behavior (
    id          BIGINT      NOT NULL AUTO_INCREMENT COMMENT '行为ID',
    tenant_id   BIGINT      NOT NULL COMMENT '所属租户ID',
    user_id     BIGINT      NOT NULL COMMENT '学生用户ID',
    job_id      BIGINT      NOT NULL COMMENT '职位ID',
    action      VARCHAR(20) NOT NULL COMMENT '行为类型：VIEW/FAVORITE/APPLY/IGNORE',
    create_time DATETIME    NOT NULL DEFAULT CURRENT_TIMESTAMP COMMENT '创建时间',
    PRIMARY KEY (id),
    KEY idx_user_job (user_id, job_id),
    KEY idx_user_action (user_id, action),
    KEY idx_tenant_id (tenant_id)
) ENGINE=InnoDB DEFAULT CHARSET=utf8mb4 COMMENT='学生行为记录表';

-- ============================================================
-- 13. API 客户端表（对外 API 鉴权）
-- ============================================================
DROP TABLE IF EXISTS api_client;
CREATE TABLE api_client (
    id          BIGINT       NOT NULL AUTO_INCREMENT COMMENT '客户端ID',
    tenant_id   BIGINT       NOT NULL COMMENT '所属租户ID',
    client_name VARCHAR(100) NOT NULL COMMENT '客户端名称',
    api_key     VARCHAR(64)  NOT NULL COMMENT 'API Key（客户端标识）',
    api_secret  VARCHAR(255) NOT NULL COMMENT 'API Secret（加密存储）',
    scopes      VARCHAR(200) DEFAULT NULL COMMENT '授权范围（逗号分隔）',
    status      TINYINT      NOT NULL DEFAULT 1 COMMENT '状态：1=启用 0=禁用',
    deleted     TINYINT      NOT NULL DEFAULT 0 COMMENT '逻辑删除',
    create_time DATETIME     NOT NULL DEFAULT CURRENT_TIMESTAMP COMMENT '创建时间',
    update_time DATETIME     NOT NULL DEFAULT CURRENT_TIMESTAMP ON UPDATE CURRENT_TIMESTAMP COMMENT '更新时间',
    PRIMARY KEY (id),
    UNIQUE KEY uk_api_key (api_key),
    KEY idx_tenant_id (tenant_id)
) ENGINE=InnoDB DEFAULT CHARSET=utf8mb4 COMMENT='API 客户端表';

-- ============================================================
-- 14. 系统告警表
-- ============================================================
DROP TABLE IF EXISTS sys_alert;
CREATE TABLE sys_alert (
    id          BIGINT       NOT NULL AUTO_INCREMENT COMMENT '告警ID',
    tenant_id   BIGINT       NOT NULL COMMENT '所属租户ID',
    type        VARCHAR(50)  NOT NULL COMMENT '告警类型：KAFKA_LAG/CRAWLER_FAILURE/DB_POOL/SYSTEM',
    level       VARCHAR(10)  NOT NULL COMMENT '告警级别：INFO/WARN/ERROR',
    content     TEXT         NOT NULL COMMENT '告警内容',
    is_read     TINYINT      NOT NULL DEFAULT 0 COMMENT '是否已读：0=未读 1=已读',
    create_time DATETIME     NOT NULL DEFAULT CURRENT_TIMESTAMP COMMENT '创建时间',
    PRIMARY KEY (id),
    KEY idx_tenant_level (tenant_id, level),
    KEY idx_is_read (is_read)
) ENGINE=InnoDB DEFAULT CHARSET=utf8mb4 COMMENT='系统告警表';
-- ============================================================
-- 初始化种子数据（由 scripts 生成，表间关系已对齐：
--   raw_job_data ↔ job_detail 按 source_url 一一对应；
--   crawler_log 成功批次 record_count 合计 = MOCK 原始数据条数；
--   analysis_result 由 job_detail 按后端同口径聚合得出；
--   student_behavior / push_record 引用真实存在的用户与职位）
-- 所有账号密码均为 admin123
-- ============================================================

-- ---------- 租户 ----------
INSERT INTO sys_tenant (id, name, status) VALUES
(1, '测试学院', 1),
(2, '示范大学', 1),
(3, '停用学院', 0);  -- 已禁用租户：测试“租户停用后无法登录”

-- ---------- 用户（密码均 admin123）----------
INSERT INTO sys_user (id, tenant_id, username, password_hash, role, real_name, phone, email, status, deleted) VALUES
(1, 1, 'admin', '$2a$10$cWguMXjjJh1vYVAE34YdaODzl0uCf/XQD2FOmXGfHxvBhr7VlG80q', 'ADMIN', '系统管理员', '13800000001', 'admin@test.edu.cn', 1, 0),
(2, 1, 'student', '$2a$10$cWguMXjjJh1vYVAE34YdaODzl0uCf/XQD2FOmXGfHxvBhr7VlG80q', 'STUDENT', '演示学生', '13800000002', 'student@stu.test.edu.cn', 1, 0),
(3, 1, 'teacher', '$2a$10$cWguMXjjJh1vYVAE34YdaODzl0uCf/XQD2FOmXGfHxvBhr7VlG80q', 'TEACHER', '演示教师', '13800000003', 'teacher@test.edu.cn', 1, 0),
(4, 1, 'hr', '$2a$10$cWguMXjjJh1vYVAE34YdaODzl0uCf/XQD2FOmXGfHxvBhr7VlG80q', 'HR', '演示HR', '13800000004', 'hr@yunpin.example.com', 1, 0),
(5, 1, 'student01', '$2a$10$cWguMXjjJh1vYVAE34YdaODzl0uCf/XQD2FOmXGfHxvBhr7VlG80q', 'STUDENT', '陈嘉怡', '13811000001', 'chenjiayi@stu.test.edu.cn', 1, 0),
(6, 1, 'student02', '$2a$10$cWguMXjjJh1vYVAE34YdaODzl0uCf/XQD2FOmXGfHxvBhr7VlG80q', 'STUDENT', '李昊然', '13811000002', 'lihaoran@stu.test.edu.cn', 1, 0),
(7, 1, 'student03', '$2a$10$cWguMXjjJh1vYVAE34YdaODzl0uCf/XQD2FOmXGfHxvBhr7VlG80q', 'STUDENT', '王雨桐', '13811000003', 'wangyutong@stu.test.edu.cn', 1, 0),
(8, 1, 'student04', '$2a$10$cWguMXjjJh1vYVAE34YdaODzl0uCf/XQD2FOmXGfHxvBhr7VlG80q', 'STUDENT', '张子墨', '13811000004', 'zhangzimo@stu.test.edu.cn', 1, 0),
(9, 1, 'student05', '$2a$10$cWguMXjjJh1vYVAE34YdaODzl0uCf/XQD2FOmXGfHxvBhr7VlG80q', 'STUDENT', '刘思远', '13811000005', 'liusiyuan@stu.test.edu.cn', 1, 0),
(10, 1, 'student06', '$2a$10$cWguMXjjJh1vYVAE34YdaODzl0uCf/XQD2FOmXGfHxvBhr7VlG80q', 'STUDENT', '杨欣然', '13811000006', 'yangxinran@stu.test.edu.cn', 1, 0),
(11, 1, 'student07', '$2a$10$cWguMXjjJh1vYVAE34YdaODzl0uCf/XQD2FOmXGfHxvBhr7VlG80q', 'STUDENT', '赵一鸣', '13811000007', 'zhaoyiming@stu.test.edu.cn', 1, 0),
(12, 1, 'student08', '$2a$10$cWguMXjjJh1vYVAE34YdaODzl0uCf/XQD2FOmXGfHxvBhr7VlG80q', 'STUDENT', '黄诗涵', '13811000008', 'huangshihan@stu.test.edu.cn', 1, 0),
(13, 1, 'student09', '$2a$10$cWguMXjjJh1vYVAE34YdaODzl0uCf/XQD2FOmXGfHxvBhr7VlG80q', 'STUDENT', '周俊杰', '13811000009', 'zhoujunjie@stu.test.edu.cn', 1, 0),
(14, 1, 'student10', '$2a$10$cWguMXjjJh1vYVAE34YdaODzl0uCf/XQD2FOmXGfHxvBhr7VlG80q', 'STUDENT', '吴雅静', '13811000010', 'wuyajing@stu.test.edu.cn', 1, 0),
(15, 1, 'student11', '$2a$10$cWguMXjjJh1vYVAE34YdaODzl0uCf/XQD2FOmXGfHxvBhr7VlG80q', 'STUDENT', '徐浩宇', '13811000011', 'xuhaoyu@stu.test.edu.cn', 1, 0),
(16, 1, 'student12', '$2a$10$cWguMXjjJh1vYVAE34YdaODzl0uCf/XQD2FOmXGfHxvBhr7VlG80q', 'STUDENT', '孙梦琪', '13811000012', 'sunmengqi@stu.test.edu.cn', 1, 0),
(17, 1, 'teacher01', '$2a$10$cWguMXjjJh1vYVAE34YdaODzl0uCf/XQD2FOmXGfHxvBhr7VlG80q', 'TEACHER', '王建国', '13822000001', 'wangjianguo@test.edu.cn', 1, 0),
(18, 1, 'teacher02', '$2a$10$cWguMXjjJh1vYVAE34YdaODzl0uCf/XQD2FOmXGfHxvBhr7VlG80q', 'TEACHER', '林晓芳', '13822000002', 'linxiaofang@test.edu.cn', 1, 0),
(19, 1, 'hr01', '$2a$10$cWguMXjjJh1vYVAE34YdaODzl0uCf/XQD2FOmXGfHxvBhr7VlG80q', 'HR', '郑倩', '13833000001', 'zhengqian@yunpin.example.com', 1, 0),
(20, 1, 'hr02', '$2a$10$cWguMXjjJh1vYVAE34YdaODzl0uCf/XQD2FOmXGfHxvBhr7VlG80q', 'HR', '高翔', '13833000002', 'gaoxiang@zhihui.example.com', 1, 0),
(21, 1, 'student98', '$2a$10$cWguMXjjJh1vYVAE34YdaODzl0uCf/XQD2FOmXGfHxvBhr7VlG80q', 'STUDENT', '钱多多（已禁用）', '13844000001', 'qianduoduo@stu.test.edu.cn', 0, 0),
(22, 1, 'student99', '$2a$10$cWguMXjjJh1vYVAE34YdaODzl0uCf/XQD2FOmXGfHxvBhr7VlG80q', 'STUDENT', '孔乙己（已删除）', '13844000002', 'kongyiji@stu.test.edu.cn', 1, 1),
(23, 2, 'admin', '$2a$10$cWguMXjjJh1vYVAE34YdaODzl0uCf/XQD2FOmXGfHxvBhr7VlG80q', 'ADMIN', '示范大学管理员', '13900000001', 'admin@demo.edu.cn', 1, 0),
(24, 2, 'student', '$2a$10$cWguMXjjJh1vYVAE34YdaODzl0uCf/XQD2FOmXGfHxvBhr7VlG80q', 'STUDENT', '示范学生', '13900000002', 'student@demo.edu.cn', 1, 0),
(25, 2, 'teacher', '$2a$10$cWguMXjjJh1vYVAE34YdaODzl0uCf/XQD2FOmXGfHxvBhr7VlG80q', 'TEACHER', '示范教师', '13900000003', 'teacher@demo.edu.cn', 1, 0);

-- ---------- 学生画像（student12/孙梦琪 故意无画像，测试“请先完善画像”提示）----------
INSERT INTO sys_student_profile (id, tenant_id, user_id, major, skills, expected_city, expected_industry, expected_salary_min, expected_salary_max, education_level) VALUES
(1, 1, 2, '计算机科学与技术', '["Java","Spring Boot","MySQL","Redis","Linux","Git"]', '杭州', '互联网/IT', 8000, 15000, '本科'),
(2, 1, 5, '软件工程', '["Java","MySQL","Vue","JavaScript","Git"]', '上海', '互联网/IT', 8000, 14000, '本科'),
(3, 1, 6, '数据科学与大数据技术', '["Python","SQL","Spark","Hadoop","数据分析"]', '北京', '大数据', 10000, 18000, '本科'),
(4, 1, 7, '人工智能', '["Python","机器学习","深度学习","PyTorch","SQL"]', '北京', '人工智能', 12000, 20000, '硕士'),
(5, 1, 8, '计算机科学与技术', '["C++","数据结构","Linux","Python"]', '深圳', '游戏', 10000, 16000, '本科'),
(6, 1, 9, '信息安全', '["Linux","Python","网络安全","Docker"]', '深圳', '互联网/IT', 9000, 15000, '本科'),
(7, 1, 10, '电子商务', '["数据分析","Excel","SQL","用户运营","文案策划"]', '杭州', '电子商务', 6000, 10000, '本科'),
(8, 1, 11, '软件工程', '["Java","Spring Boot","微服务","Redis","Kafka","Docker"]', '南京', '互联网/IT', 9000, 16000, '本科'),
(9, 1, 12, '统计学', '["SQL","Python","数理统计","数据分析","Tableau"]', '上海', '金融', 9000, 15000, '硕士'),
(10, 1, 13, '计算机应用技术', '["JavaScript","Vue","CSS","Git"]', '成都', '互联网/IT', 6000, 10000, '专科'),
(11, 1, 14, '教育技术学', '["产品设计","数据分析","项目管理","Axure"]', '北京', '教育', 7000, 12000, '本科'),
(12, 1, 15, '物联网工程', '["C++","单片机","Linux","Python"]', '苏州', '智能制造', 7000, 12000, '本科'),
(13, 2, 24, '软件工程', '["Java","MySQL","Vue"]', '武汉', '互联网/IT', 7000, 12000, '本科');

-- ---------- 采集任务 ----------
INSERT INTO crawler_task (id, tenant_id, source_type, source_name, url_pattern, cron_expr, status, create_time) VALUES
(1, 1, 'MOCK', '模拟采集-mock_jobs.json', NULL, '0 0 2 * * ?', 1, '2026-06-18 10:00:00'),
(2, 1, 'BOSS_ZHIPIN', 'Boss直聘-互联网技术岗', 'https://www.zhipin.com/web/geek/job?query=*', '0 0 3 * * ?', 0, '2026-06-18 10:05:00'),
(3, 1, 'ZHAOPIN', '智联招聘-应届生岗位', 'https://sou.zhaopin.com/?kw=*', NULL, 0, '2026-06-25 14:20:00'),
(4, 1, 'COMPANY_OFFICIAL', '合作企业官网-校招页', 'https://campus.example.com/jobs/*', '0 0 4 * * 1', 1, '2026-07-01 09:00:00'),
(5, 2, 'MOCK', '模拟采集-示范大学', NULL, NULL, 0, '2026-07-03 11:00:00');

-- ---------- 采集日志（任务1 五次成功合计 90 + 5 条待清洗/脏数据 = raw_job_data 总量）----------
INSERT INTO crawler_log (id, task_id, tenant_id, start_time, end_time, record_count, status, error_msg) VALUES
(1, 1, 1, '2026-06-20 02:00:00', '2026-06-20 02:08:40', 13, 'SUCCESS', NULL),
(2, 1, 1, '2026-06-27 02:00:00', '2026-06-27 02:05:20', 8, 'SUCCESS', NULL),
(3, 1, 1, '2026-07-01 02:00:00', '2026-07-01 02:10:00', 15, 'SUCCESS', NULL),
(4, 1, 1, '2026-07-05 02:00:00', '2026-07-05 02:14:40', 22, 'SUCCESS', NULL),
(5, 1, 1, '2026-07-08 02:00:00', '2026-07-08 02:24:40', 37, 'SUCCESS', NULL),
(6, 2, 1, '2026-06-21 03:00:00', '2026-06-21 03:02:14', 0, 'FAILED', '连接目标站点超时（已重试 3 次）：www.zhipin.com 触发反爬验证'),
(7, 4, 1, '2026-07-09 04:00:00', NULL, 0, 'RUNNING', NULL);

-- ---------- 原始职位数据（MOCK 职位的原始 JSON + 3 条待清洗 + 2 条脏数据）----------
INSERT INTO raw_job_data (id, source, source_url, raw_content, fetch_time, status) VALUES
(1, 'MOCK', 'https://mock.occupation.dev/jobs/1', '{"title":"数据仓库工程师","company":"汇通证券数据服务有限公司","city":"成都","industry":"大数据","salaryMin":7500,"salaryMax":11000,"education":"本科","experience":"经验不限","skills":["SQL","Hive","Spark","数据建模"],"description":"【岗位职责】负责大数据方向数据仓库工程师相关工作，参与需求分析、方案设计与落地实施。【任职要求】本科及以上学历，经验不限；熟悉 SQL、Hive、Spark 等技术/工具；具备良好的学习能力与团队协作意识。","publishDate":"2026-02-23"}', '2026-06-27 02:00:37', 'CLEANED'),
(2, 'MOCK', 'https://mock.occupation.dev/jobs/2', '{"title":"后端开发工程师","company":"天翼软件股份有限公司","city":"武汉","industry":"互联网/IT","salaryMin":6000,"salaryMax":9000,"education":"本科","experience":"应届生","skills":["Java","MySQL","Redis","分布式","Linux"],"description":"【岗位职责】负责互联网/IT方向后端开发工程师相关工作，参与需求分析、方案设计与落地实施。【任职要求】本科及以上学历，工作经验应届生；熟悉 Java、MySQL、Redis 等技术/工具；具备良好的学习能力与团队协作意识。","publishDate":"2026-02-09"}', '2026-07-05 02:00:37', 'CLEANED'),
(3, 'MOCK', 'https://mock.occupation.dev/jobs/3', '{"title":"大数据开发工程师","company":"慧眼视觉科技有限公司","city":"北京","industry":"大数据","salaryMin":12500,"salaryMax":18000,"education":"本科","experience":"1-3年","skills":["Java","Spark","Hadoop","Hive","团队协作"],"description":"【岗位职责】负责大数据方向大数据开发工程师相关工作，参与需求分析、方案设计与落地实施。【任职要求】本科及以上学历，工作经验1-3年；熟悉 Java、Spark、Hadoop 等技术/工具；具备良好的学习能力与团队协作意识。","publishDate":"2026-02-05"}', '2026-07-01 02:00:37', 'CLEANED'),
(4, 'MOCK', 'https://mock.occupation.dev/jobs/4', '{"title":"后端开发工程师","company":"联达自动化技术有限公司","city":"深圳","industry":"互联网/IT","salaryMin":8000,"salaryMax":11500,"education":"本科","experience":"应届生","skills":["Java","MySQL","Redis","分布式","Linux"],"description":"【岗位职责】负责互联网/IT方向后端开发工程师相关工作，参与需求分析、方案设计与落地实施。【任职要求】本科及以上学历，工作经验应届生；熟悉 Java、MySQL、Redis 等技术/工具；具备良好的学习能力与团队协作意识。","publishDate":"2026-02-19"}', '2026-06-20 02:00:37', 'CLEANED'),
(5, 'MOCK', 'https://mock.occupation.dev/jobs/5', '{"title":"运维开发工程师","company":"乐游互动娱乐有限公司","city":"北京","industry":"互联网/IT","salaryMin":9000,"salaryMax":13500,"education":"本科","experience":"经验不限","skills":["Linux","Docker","Kubernetes","Python"],"description":"【岗位职责】负责互联网/IT方向运维开发工程师相关工作，参与需求分析、方案设计与落地实施。【任职要求】本科及以上学历，经验不限；熟悉 Linux、Docker、Kubernetes 等技术/工具；具备良好的学习能力与团队协作意识。","publishDate":"2026-02-27"}', '2026-07-05 02:01:14', 'CLEANED'),
(6, 'MOCK', 'https://mock.occupation.dev/jobs/6', '{"title":"自动化测试工程师","company":"精工智造装备股份有限公司","city":"武汉","industry":"智能制造","salaryMin":7000,"salaryMax":10000,"education":"本科","experience":"1-3年","skills":["Python","Linux","Selenium"],"description":"【岗位职责】负责智能制造方向自动化测试工程师相关工作，参与需求分析、方案设计与落地实施。【任职要求】本科及以上学历，工作经验1-3年；熟悉 Python、Linux、Selenium 等技术/工具；具备良好的学习能力与团队协作意识。","publishDate":"2026-02-27"}', '2026-07-05 02:01:51', 'CLEANED'),
(7, 'MOCK', 'https://mock.occupation.dev/jobs/7', '{"title":"电商数据运营","company":"联达自动化技术有限公司","city":"成都","industry":"电子商务","salaryMin":6500,"salaryMax":9500,"education":"硕士","experience":"应届生","skills":["数据分析","Excel","SQL","用户运营"],"description":"【岗位职责】负责电子商务方向电商数据运营相关工作，参与需求分析、方案设计与落地实施。【任职要求】硕士及以上学历，工作经验应届生；熟悉 数据分析、Excel、SQL 等技术/工具；具备良好的学习能力与团队协作意识。","publishDate":"2026-02-09"}', '2026-07-08 02:00:37', 'CLEANED'),
(8, 'MOCK', 'https://mock.occupation.dev/jobs/8', '{"title":"用户增长运营","company":"慧眼视觉科技有限公司","city":"深圳","industry":"电子商务","salaryMin":9000,"salaryMax":13500,"education":"本科","experience":"1-3年","skills":["用户运营","数据分析","文案策划"],"description":"【岗位职责】负责电子商务方向用户增长运营相关工作，参与需求分析、方案设计与落地实施。【任职要求】本科及以上学历，工作经验1-3年；熟悉 用户运营、数据分析、文案策划 等技术/工具；具备良好的学习能力与团队协作意识。","publishDate":"2026-02-11"}', '2026-07-08 02:01:14', 'CLEANED'),
(9, 'MOCK', 'https://mock.occupation.dev/jobs/9', '{"title":"运维开发工程师","company":"康桥医疗信息科技有限公司","city":"北京","industry":"互联网/IT","salaryMin":15500,"salaryMax":23000,"education":"不限","experience":"5-10年","skills":["Linux","Docker","Kubernetes","Python"],"description":"【岗位职责】负责互联网/IT方向运维开发工程师相关工作，参与需求分析、方案设计与落地实施。【任职要求】学历不限，工作经验5-10年；熟悉 Linux、Docker、Kubernetes 等技术/工具；具备良好的学习能力与团队协作意识。","publishDate":"2026-03-24"}', '2026-06-20 02:01:14', 'CLEANED'),
(10, 'MOCK', 'https://mock.occupation.dev/jobs/10', '{"title":"在线教育产品经理","company":"星辉游戏开发有限公司","city":"武汉","industry":"教育","salaryMin":9500,"salaryMax":14500,"education":"本科","experience":"3-5年","skills":["产品设计","数据分析","项目管理"],"description":"【岗位职责】负责教育方向在线教育产品经理相关工作，参与需求分析、方案设计与落地实施。【任职要求】本科及以上学历，工作经验3-5年；熟悉 产品设计、数据分析、项目管理 等技术/工具；具备良好的学习能力与团队协作意识。","publishDate":"2026-03-05"}', '2026-07-01 02:01:14', 'CLEANED'),
(11, 'MOCK', 'https://mock.occupation.dev/jobs/11', '{"title":"游戏服务端开发","company":"华信云科技有限公司","city":"上海","industry":"游戏","salaryMin":12500,"salaryMax":18000,"education":"不限","experience":"1-3年","skills":["Go","Redis","MySQL","分布式"],"description":"【岗位职责】负责游戏方向游戏服务端开发相关工作，参与需求分析、方案设计与落地实施。【任职要求】学历不限，工作经验1-3年；熟悉 Go、Redis、MySQL 等技术/工具；具备良好的学习能力与团队协作意识。","publishDate":"2026-03-16"}', '2026-06-20 02:01:51', 'CLEANED'),
(12, 'MOCK', 'https://mock.occupation.dev/jobs/12', '{"title":"用户增长运营","company":"启明星辰网络技术有限公司","city":"深圳","industry":"电子商务","salaryMin":14500,"salaryMax":21500,"education":"本科","experience":"5-10年","skills":["用户运营","数据分析","文案策划"],"description":"【岗位职责】负责电子商务方向用户增长运营相关工作，参与需求分析、方案设计与落地实施。【任职要求】本科及以上学历，工作经验5-10年；熟悉 用户运营、数据分析、文案策划 等技术/工具；具备良好的学习能力与团队协作意识。","publishDate":"2026-03-04"}', '2026-07-01 02:01:51', 'CLEANED'),
(13, 'MOCK', 'https://mock.occupation.dev/jobs/13', '{"title":"Go开发工程师","company":"云栖数智信息技术有限公司","city":"西安","industry":"互联网/IT","salaryMin":16000,"salaryMax":24000,"education":"本科","experience":"5-10年","skills":["Go","MySQL","Redis","微服务","沟通能力"],"description":"【岗位职责】负责互联网/IT方向Go开发工程师相关工作，参与需求分析、方案设计与落地实施。【任职要求】本科及以上学历，工作经验5-10年；熟悉 Go、MySQL、Redis 等技术/工具；具备良好的学习能力与团队协作意识。","publishDate":"2026-03-24"}', '2026-07-05 02:02:28', 'CLEANED'),
(14, 'MOCK', 'https://mock.occupation.dev/jobs/14', '{"title":"游戏服务端开发","company":"天翼软件股份有限公司","city":"北京","industry":"游戏","salaryMin":12500,"salaryMax":18500,"education":"硕士","experience":"应届生","skills":["Go","Redis","MySQL","分布式"],"description":"【岗位职责】负责游戏方向游戏服务端开发相关工作，参与需求分析、方案设计与落地实施。【任职要求】硕士及以上学历，工作经验应届生；熟悉 Go、Redis、MySQL 等技术/工具；具备良好的学习能力与团队协作意识。","publishDate":"2026-03-26"}', '2026-07-05 02:03:05', 'CLEANED'),
(15, 'MOCK', 'https://mock.occupation.dev/jobs/15', '{"title":"游戏客户端开发","company":"云栖数智信息技术有限公司","city":"成都","industry":"游戏","salaryMin":16500,"salaryMax":24500,"education":"硕士","experience":"3-5年","skills":["C++","Unity","数据结构"],"description":"【岗位职责】负责游戏方向游戏客户端开发相关工作，参与需求分析、方案设计与落地实施。【任职要求】硕士及以上学历，工作经验3-5年；熟悉 C++、Unity、数据结构 等技术/工具；具备良好的学习能力与团队协作意识。","publishDate":"2026-03-21"}', '2026-06-20 02:02:28', 'CLEANED'),
(16, 'MOCK', 'https://mock.occupation.dev/jobs/16', '{"title":"教学数据分析师","company":"金桥融信金融服务有限公司","city":"苏州","industry":"教育","salaryMin":4000,"salaryMax":6000,"education":"不限","experience":"应届生","skills":["SQL","Excel","数据分析"],"description":"【岗位职责】负责教育方向教学数据分析师相关工作，参与需求分析、方案设计与落地实施。【任职要求】学历不限，工作经验应届生；熟悉 SQL、Excel、数据分析 等技术/工具；具备良好的学习能力与团队协作意识。","publishDate":"2026-03-21"}', '2026-06-20 02:03:05', 'CLEANED'),
(17, 'MOCK', 'https://mock.occupation.dev/jobs/17', '{"title":"前端开发工程师","company":"康桥医疗信息科技有限公司","city":"北京","industry":"互联网/IT","salaryMin":8500,"salaryMax":12000,"education":"本科","experience":"经验不限","skills":["JavaScript","Vue","CSS","TypeScript","Git"],"description":"【岗位职责】负责互联网/IT方向前端开发工程师相关工作，参与需求分析、方案设计与落地实施。【任职要求】本科及以上学历，经验不限；熟悉 JavaScript、Vue、CSS 等技术/工具；具备良好的学习能力与团队协作意识。","publishDate":"2026-03-06"}', '2026-07-08 02:01:51', 'CLEANED'),
(18, 'MOCK', 'https://mock.occupation.dev/jobs/18', '{"title":"Java开发工程师","company":"联达自动化技术有限公司","city":"深圳","industry":"互联网/IT","salaryMin":11500,"salaryMax":17000,"education":"专科","experience":"3-5年","skills":["Java","Spring Boot","MySQL","Redis","微服务","沟通能力"],"description":"【岗位职责】负责互联网/IT方向Java开发工程师相关工作，参与需求分析、方案设计与落地实施。【任职要求】专科及以上学历，工作经验3-5年；熟悉 Java、Spring Boot、MySQL 等技术/工具；具备良好的学习能力与团队协作意识。","publishDate":"2026-03-02"}', '2026-07-05 02:03:42', 'CLEANED'),
(19, 'MOCK', 'https://mock.occupation.dev/jobs/19', '{"title":"实时计算工程师","company":"知行在线教育科技有限公司","city":"杭州","industry":"大数据","salaryMin":10000,"salaryMax":14500,"education":"本科","experience":"经验不限","skills":["Java","Flink","Kafka","Redis","Git"],"description":"【岗位职责】负责大数据方向实时计算工程师相关工作，参与需求分析、方案设计与落地实施。【任职要求】本科及以上学历，经验不限；熟悉 Java、Flink、Kafka 等技术/工具；具备良好的学习能力与团队协作意识。","publishDate":"2026-04-15"}', '2026-07-01 02:02:28', 'CLEANED'),
(20, 'MOCK', 'https://mock.occupation.dev/jobs/20', '{"title":"风控算法专员","company":"数联云图大数据有限公司","city":"武汉","industry":"金融","salaryMin":10000,"salaryMax":14500,"education":"硕士","experience":"经验不限","skills":["SQL","Python","机器学习","数据分析","Linux"],"description":"【岗位职责】负责金融方向风控算法专员相关工作，参与需求分析、方案设计与落地实施。【任职要求】硕士及以上学历，经验不限；熟悉 SQL、Python、机器学习 等技术/工具；具备良好的学习能力与团队协作意识。","publishDate":"2026-04-22"}', '2026-06-20 02:03:42', 'CLEANED'),
(21, 'MOCK', 'https://mock.occupation.dev/jobs/21', '{"title":"风控算法专员","company":"启明星辰网络技术有限公司","city":"上海","industry":"金融","salaryMin":11500,"salaryMax":16500,"education":"本科","experience":"1-3年","skills":["SQL","Python","机器学习","数据分析"],"description":"【岗位职责】负责金融方向风控算法专员相关工作，参与需求分析、方案设计与落地实施。【任职要求】本科及以上学历，工作经验1-3年；熟悉 SQL、Python、机器学习 等技术/工具；具备良好的学习能力与团队协作意识。","publishDate":"2026-04-23"}', '2026-06-27 02:01:14', 'CLEANED'),
(22, 'MOCK', 'https://mock.occupation.dev/jobs/22', '{"title":"实时计算工程师","company":"云栖数智信息技术有限公司","city":"南京","industry":"大数据","salaryMin":12000,"salaryMax":17500,"education":"本科","experience":"1-3年","skills":["Java","Flink","Kafka","Redis","Git"],"description":"【岗位职责】负责大数据方向实时计算工程师相关工作，参与需求分析、方案设计与落地实施。【任职要求】本科及以上学历，工作经验1-3年；熟悉 Java、Flink、Kafka 等技术/工具；具备良好的学习能力与团队协作意识。","publishDate":"2026-04-16"}', '2026-07-08 02:02:28', 'CLEANED'),
(23, 'MOCK', 'https://mock.occupation.dev/jobs/23', '{"title":"产品经理","company":"金桥融信金融服务有限公司","city":"上海","industry":"电子商务","salaryMin":16000,"salaryMax":23500,"education":"不限","experience":"5-10年","skills":["产品设计","Axure","数据分析","项目管理","团队协作"],"description":"【岗位职责】负责电子商务方向产品经理相关工作，参与需求分析、方案设计与落地实施。【任职要求】学历不限，工作经验5-10年；熟悉 产品设计、Axure、数据分析 等技术/工具；具备良好的学习能力与团队协作意识。","publishDate":"2026-04-13"}', '2026-07-05 02:04:19', 'CLEANED'),
(24, 'MOCK', 'https://mock.occupation.dev/jobs/24', '{"title":"实时计算工程师","company":"芯联半导体科技有限公司","city":"北京","industry":"大数据","salaryMin":18000,"salaryMax":26500,"education":"本科","experience":"3-5年","skills":["Java","Flink","Kafka","Redis"],"description":"【岗位职责】负责大数据方向实时计算工程师相关工作，参与需求分析、方案设计与落地实施。【任职要求】本科及以上学历，工作经验3-5年；熟悉 Java、Flink、Kafka 等技术/工具；具备良好的学习能力与团队协作意识。","publishDate":"2026-04-04"}', '2026-07-05 02:04:56', 'CLEANED'),
(25, 'MOCK', 'https://mock.occupation.dev/jobs/25', '{"title":"工业软件开发工程师","company":"启明星辰网络技术有限公司","city":"上海","industry":"智能制造","salaryMin":8500,"salaryMax":12000,"education":"本科","experience":"经验不限","skills":["Java","MySQL","Linux"],"description":"【岗位职责】负责智能制造方向工业软件开发工程师相关工作，参与需求分析、方案设计与落地实施。【任职要求】本科及以上学历，经验不限；熟悉 Java、MySQL、Linux 等技术/工具；具备良好的学习能力与团队协作意识。","publishDate":"2026-04-12"}', '2026-07-01 02:03:05', 'CLEANED'),
(26, 'MOCK', 'https://mock.occupation.dev/jobs/26', '{"title":"Java开发工程师","company":"闪购网络科技有限公司","city":"杭州","industry":"互联网/IT","salaryMin":8000,"salaryMax":12000,"education":"本科","experience":"应届生","skills":["Java","Spring Boot","MySQL","Redis","微服务","Git"],"description":"【岗位职责】负责互联网/IT方向Java开发工程师相关工作，参与需求分析、方案设计与落地实施。【任职要求】本科及以上学历，工作经验应届生；熟悉 Java、Spring Boot、MySQL 等技术/工具；具备良好的学习能力与团队协作意识。","publishDate":"2026-04-10"}', '2026-06-27 02:01:51', 'CLEANED'),
(27, 'MOCK', 'https://mock.occupation.dev/jobs/27', '{"title":"Go开发工程师","company":"天翼软件股份有限公司","city":"杭州","industry":"互联网/IT","salaryMin":11500,"salaryMax":17500,"education":"本科","experience":"1-3年","skills":["Go","MySQL","Redis","微服务"],"description":"【岗位职责】负责互联网/IT方向Go开发工程师相关工作，参与需求分析、方案设计与落地实施。【任职要求】本科及以上学历，工作经验1-3年；熟悉 Go、MySQL、Redis 等技术/工具；具备良好的学习能力与团队协作意识。","publishDate":"2026-04-10"}', '2026-07-01 02:03:42', 'CLEANED'),
(28, 'MOCK', 'https://mock.occupation.dev/jobs/28', '{"title":"数据仓库工程师","company":"闪购网络科技有限公司","city":"深圳","industry":"大数据","salaryMin":12000,"salaryMax":17500,"education":"本科","experience":"1-3年","skills":["SQL","Hive","Spark","数据建模"],"description":"【岗位职责】负责大数据方向数据仓库工程师相关工作，参与需求分析、方案设计与落地实施。【任职要求】本科及以上学历，工作经验1-3年；熟悉 SQL、Hive、Spark 等技术/工具；具备良好的学习能力与团队协作意识。","publishDate":"2026-04-27"}', '2026-07-01 02:04:19', 'CLEANED'),
(29, 'MOCK', 'https://mock.occupation.dev/jobs/29', '{"title":"数据分析师","company":"康桥医疗信息科技有限公司","city":"深圳","industry":"大数据","salaryMin":13500,"salaryMax":20000,"education":"本科","experience":"3-5年","skills":["SQL","Python","数据分析","Tableau"],"description":"【岗位职责】负责大数据方向数据分析师相关工作，参与需求分析、方案设计与落地实施。【任职要求】本科及以上学历，工作经验3-5年；熟悉 SQL、Python、数据分析 等技术/工具；具备良好的学习能力与团队协作意识。","publishDate":"2026-04-13"}', '2026-07-01 02:04:56', 'CLEANED'),
(30, 'MOCK', 'https://mock.occupation.dev/jobs/30', '{"title":"电商数据运营","company":"汇通证券数据服务有限公司","city":"西安","industry":"电子商务","salaryMin":5000,"salaryMax":7500,"education":"本科","experience":"经验不限","skills":["数据分析","Excel","SQL","用户运营"],"description":"【岗位职责】负责电子商务方向电商数据运营相关工作，参与需求分析、方案设计与落地实施。【任职要求】本科及以上学历，经验不限；熟悉 数据分析、Excel、SQL 等技术/工具；具备良好的学习能力与团队协作意识。","publishDate":"2026-04-11"}', '2026-07-01 02:05:33', 'CLEANED'),
(31, 'MOCK', 'https://mock.occupation.dev/jobs/31', '{"title":"前端开发工程师","company":"闪购网络科技有限公司","city":"武汉","industry":"互联网/IT","salaryMin":6500,"salaryMax":10000,"education":"本科","experience":"经验不限","skills":["JavaScript","Vue","CSS","TypeScript"],"description":"【岗位职责】负责互联网/IT方向前端开发工程师相关工作，参与需求分析、方案设计与落地实施。【任职要求】本科及以上学历，经验不限；熟悉 JavaScript、Vue、CSS 等技术/工具；具备良好的学习能力与团队协作意识。","publishDate":"2026-04-05"}', '2026-07-08 02:03:05', 'CLEANED'),
(32, 'MOCK', 'https://mock.occupation.dev/jobs/32', '{"title":"教学数据分析师","company":"华信云科技有限公司","city":"北京","industry":"教育","salaryMin":11500,"salaryMax":16500,"education":"本科","experience":"3-5年","skills":["SQL","Excel","数据分析"],"description":"【岗位职责】负责教育方向教学数据分析师相关工作，参与需求分析、方案设计与落地实施。【任职要求】本科及以上学历，工作经验3-5年；熟悉 SQL、Excel、数据分析 等技术/工具；具备良好的学习能力与团队协作意识。","publishDate":"2026-05-08"}', '2026-06-27 02:02:28', 'CLEANED'),
(33, 'MOCK', 'https://mock.occupation.dev/jobs/33', '{"title":"电商数据运营","company":"数联云图大数据有限公司","city":"广州","industry":"电子商务","salaryMin":8000,"salaryMax":11500,"education":"硕士","experience":"经验不限","skills":["数据分析","Excel","SQL","用户运营","Linux"],"description":"【岗位职责】负责电子商务方向电商数据运营相关工作，参与需求分析、方案设计与落地实施。【任职要求】硕士及以上学历，经验不限；熟悉 数据分析、Excel、SQL 等技术/工具；具备良好的学习能力与团队协作意识。","publishDate":"2026-05-18"}', '2026-06-20 02:04:19', 'CLEANED'),
(34, 'MOCK', 'https://mock.occupation.dev/jobs/34', '{"title":"自动化测试工程师","company":"乐游互动娱乐有限公司","city":"苏州","industry":"智能制造","salaryMin":6000,"salaryMax":8500,"education":"本科","experience":"应届生","skills":["Python","Linux","Selenium","Git"],"description":"【岗位职责】负责智能制造方向自动化测试工程师相关工作，参与需求分析、方案设计与落地实施。【任职要求】本科及以上学历，工作经验应届生；熟悉 Python、Linux、Selenium 等技术/工具；具备良好的学习能力与团队协作意识。","publishDate":"2026-05-05"}', '2026-07-05 02:05:33', 'CLEANED'),
(35, 'MOCK', 'https://mock.occupation.dev/jobs/35', '{"title":"风控算法专员","company":"博睿人工智能研究院有限公司","city":"南京","industry":"金融","salaryMin":15500,"salaryMax":23000,"education":"硕士","experience":"3-5年","skills":["SQL","Python","机器学习","数据分析"],"description":"【岗位职责】负责金融方向风控算法专员相关工作，参与需求分析、方案设计与落地实施。【任职要求】硕士及以上学历，工作经验3-5年；熟悉 SQL、Python、机器学习 等技术/工具；具备良好的学习能力与团队协作意识。","publishDate":"2026-05-20"}', '2026-07-01 02:06:10', 'CLEANED'),
(36, 'MOCK', 'https://mock.occupation.dev/jobs/36', '{"title":"后端开发工程师","company":"精工智造装备股份有限公司","city":"广州","industry":"互联网/IT","salaryMin":12500,"salaryMax":18500,"education":"硕士","experience":"1-3年","skills":["Java","MySQL","Redis","分布式","Linux","沟通能力"],"description":"【岗位职责】负责互联网/IT方向后端开发工程师相关工作，参与需求分析、方案设计与落地实施。【任职要求】硕士及以上学历，工作经验1-3年；熟悉 Java、MySQL、Redis 等技术/工具；具备良好的学习能力与团队协作意识。","publishDate":"2026-05-27"}', '2026-07-08 02:03:42', 'CLEANED'),
(37, 'MOCK', 'https://mock.occupation.dev/jobs/37', '{"title":"前端开发工程师","company":"联达自动化技术有限公司","city":"广州","industry":"互联网/IT","salaryMin":5000,"salaryMax":7500,"education":"不限","experience":"应届生","skills":["JavaScript","Vue","CSS","TypeScript","Linux"],"description":"【岗位职责】负责互联网/IT方向前端开发工程师相关工作，参与需求分析、方案设计与落地实施。【任职要求】学历不限，工作经验应届生；熟悉 JavaScript、Vue、CSS 等技术/工具；具备良好的学习能力与团队协作意识。","publishDate":"2026-05-12"}', '2026-06-20 02:04:56', 'CLEANED'),
(38, 'MOCK', 'https://mock.occupation.dev/jobs/38', '{"title":"NLP算法工程师","company":"联达自动化技术有限公司","city":"北京","industry":"人工智能","salaryMin":12000,"salaryMax":18000,"education":"本科","experience":"经验不限","skills":["Python","深度学习","NLP","PyTorch"],"description":"【岗位职责】负责人工智能方向NLP算法工程师相关工作，参与需求分析、方案设计与落地实施。【任职要求】本科及以上学历，经验不限；熟悉 Python、深度学习、NLP 等技术/工具；具备良好的学习能力与团队协作意识。","publishDate":"2026-05-24"}', '2026-07-08 02:04:19', 'CLEANED'),
(39, 'MOCK', 'https://mock.occupation.dev/jobs/39', '{"title":"风控算法专员","company":"金桥融信金融服务有限公司","city":"武汉","industry":"金融","salaryMin":7500,"salaryMax":11000,"education":"不限","experience":"1-3年","skills":["SQL","Python","机器学习","数据分析"],"description":"【岗位职责】负责金融方向风控算法专员相关工作，参与需求分析、方案设计与落地实施。【任职要求】学历不限，工作经验1-3年；熟悉 SQL、Python、机器学习 等技术/工具；具备良好的学习能力与团队协作意识。","publishDate":"2026-05-06"}', '2026-07-05 02:06:10', 'CLEANED'),
(40, 'MOCK', 'https://mock.occupation.dev/jobs/40', '{"title":"Go开发工程师","company":"闪购网络科技有限公司","city":"北京","industry":"互联网/IT","salaryMin":20000,"salaryMax":29500,"education":"本科","experience":"5-10年","skills":["Go","MySQL","Redis","微服务"],"description":"【岗位职责】负责互联网/IT方向Go开发工程师相关工作，参与需求分析、方案设计与落地实施。【任职要求】本科及以上学历，工作经验5-10年；熟悉 Go、MySQL、Redis 等技术/工具；具备良好的学习能力与团队协作意识。","publishDate":"2026-05-24"}', '2026-07-01 02:06:47', 'CLEANED'),
(41, 'MOCK', 'https://mock.occupation.dev/jobs/41', '{"title":"后端开发工程师","company":"慧眼视觉科技有限公司","city":"深圳","industry":"互联网/IT","salaryMin":19500,"salaryMax":28500,"education":"硕士","experience":"3-5年","skills":["Java","MySQL","Redis","分布式","Linux","沟通能力"],"description":"【岗位职责】负责互联网/IT方向后端开发工程师相关工作，参与需求分析、方案设计与落地实施。【任职要求】硕士及以上学历，工作经验3-5年；熟悉 Java、MySQL、Redis 等技术/工具；具备良好的学习能力与团队协作意识。","publishDate":"2026-05-03"}', '2026-07-01 02:07:24', 'CLEANED'),
(42, 'MOCK', 'https://mock.occupation.dev/jobs/42', '{"title":"嵌入式软件工程师","company":"乐游互动娱乐有限公司","city":"上海","industry":"智能制造","salaryMin":9000,"salaryMax":13000,"education":"本科","experience":"经验不限","skills":["C++","Linux","单片机"],"description":"【岗位职责】负责智能制造方向嵌入式软件工程师相关工作，参与需求分析、方案设计与落地实施。【任职要求】本科及以上学历，经验不限；熟悉 C++、Linux、单片机 等技术/工具；具备良好的学习能力与团队协作意识。","publishDate":"2026-05-20"}', '2026-06-27 02:03:05', 'CLEANED'),
(43, 'MOCK', 'https://mock.occupation.dev/jobs/43', '{"title":"测试开发工程师","company":"芯联半导体科技有限公司","city":"西安","industry":"互联网/IT","salaryMin":8500,"salaryMax":12500,"education":"本科","experience":"3-5年","skills":["Python","Selenium","Linux","MySQL"],"description":"【岗位职责】负责互联网/IT方向测试开发工程师相关工作，参与需求分析、方案设计与落地实施。【任职要求】本科及以上学历，工作经验3-5年；熟悉 Python、Selenium、Linux 等技术/工具；具备良好的学习能力与团队协作意识。","publishDate":"2026-05-11"}', '2026-06-20 02:05:33', 'CLEANED'),
(44, 'MOCK', 'https://mock.occupation.dev/jobs/44', '{"title":"工业软件开发工程师","company":"汇通证券数据服务有限公司","city":"上海","industry":"智能制造","salaryMin":11500,"salaryMax":17000,"education":"硕士","experience":"1-3年","skills":["Java","MySQL","Linux","团队协作"],"description":"【岗位职责】负责智能制造方向工业软件开发工程师相关工作，参与需求分析、方案设计与落地实施。【任职要求】硕士及以上学历，工作经验1-3年；熟悉 Java、MySQL、Linux 等技术/工具；具备良好的学习能力与团队协作意识。","publishDate":"2026-05-16"}', '2026-07-08 02:04:56', 'CLEANED'),
(45, 'MOCK', 'https://mock.occupation.dev/jobs/45', '{"title":"测试开发工程师","company":"云栖数智信息技术有限公司","city":"南京","industry":"互联网/IT","salaryMin":12000,"salaryMax":17500,"education":"硕士","experience":"3-5年","skills":["Python","Selenium","Linux","MySQL"],"description":"【岗位职责】负责互联网/IT方向测试开发工程师相关工作，参与需求分析、方案设计与落地实施。【任职要求】硕士及以上学历，工作经验3-5年；熟悉 Python、Selenium、Linux 等技术/工具；具备良好的学习能力与团队协作意识。","publishDate":"2026-05-16"}', '2026-06-27 02:03:42', 'CLEANED'),
(46, 'MOCK', 'https://mock.occupation.dev/jobs/46', '{"title":"实时计算工程师","company":"优选电商集团有限公司","city":"杭州","industry":"大数据","salaryMin":10000,"salaryMax":14500,"education":"本科","experience":"经验不限","skills":["Java","Flink","Kafka","Redis"],"description":"【岗位职责】负责大数据方向实时计算工程师相关工作，参与需求分析、方案设计与落地实施。【任职要求】本科及以上学历，经验不限；熟悉 Java、Flink、Kafka 等技术/工具；具备良好的学习能力与团队协作意识。","publishDate":"2026-05-23"}', '2026-06-27 02:04:19', 'CLEANED'),
(47, 'MOCK', 'https://mock.occupation.dev/jobs/47', '{"title":"实时计算工程师","company":"华信云科技有限公司","city":"北京","industry":"大数据","salaryMin":29000,"salaryMax":42500,"education":"硕士","experience":"5-10年","skills":["Java","Flink","Kafka","Redis"],"description":"【岗位职责】负责大数据方向实时计算工程师相关工作，参与需求分析、方案设计与落地实施。【任职要求】硕士及以上学历，工作经验5-10年；熟悉 Java、Flink、Kafka 等技术/工具；具备良好的学习能力与团队协作意识。","publishDate":"2026-05-23"}', '2026-06-20 02:06:10', 'CLEANED'),
(48, 'MOCK', 'https://mock.occupation.dev/jobs/48', '{"title":"大数据开发工程师","company":"天翼软件股份有限公司","city":"杭州","industry":"大数据","salaryMin":8000,"salaryMax":11500,"education":"本科","experience":"应届生","skills":["Java","Spark","Hadoop","Hive","沟通能力"],"description":"【岗位职责】负责大数据方向大数据开发工程师相关工作，参与需求分析、方案设计与落地实施。【任职要求】本科及以上学历，工作经验应届生；熟悉 Java、Spark、Hadoop 等技术/工具；具备良好的学习能力与团队协作意识。","publishDate":"2026-06-18"}', '2026-07-08 02:05:33', 'CLEANED'),
(49, 'MOCK', 'https://mock.occupation.dev/jobs/49', '{"title":"游戏数值策划","company":"云栖数智信息技术有限公司","city":"杭州","industry":"游戏","salaryMin":6000,"salaryMax":9000,"education":"专科","experience":"应届生","skills":["Excel","数据分析","数理统计","Git"],"description":"【岗位职责】负责游戏方向游戏数值策划相关工作，参与需求分析、方案设计与落地实施。【任职要求】专科及以上学历，工作经验应届生；熟悉 Excel、数据分析、数理统计 等技术/工具；具备良好的学习能力与团队协作意识。","publishDate":"2026-06-16"}', '2026-06-20 02:06:47', 'CLEANED'),
(50, 'MOCK', 'https://mock.occupation.dev/jobs/50', '{"title":"算法工程师","company":"云栖数智信息技术有限公司","city":"北京","industry":"人工智能","salaryMin":13000,"salaryMax":19500,"education":"不限","experience":"1-3年","skills":["Python","机器学习","数据结构","C++","团队协作"],"description":"【岗位职责】负责人工智能方向算法工程师相关工作，参与需求分析、方案设计与落地实施。【任职要求】学历不限，工作经验1-3年；熟悉 Python、机器学习、数据结构 等技术/工具；具备良好的学习能力与团队协作意识。","publishDate":"2026-06-23"}', '2026-07-08 02:06:10', 'CLEANED'),
(51, 'MOCK', 'https://mock.occupation.dev/jobs/51', '{"title":"前端开发工程师","company":"博睿人工智能研究院有限公司","city":"深圳","industry":"互联网/IT","salaryMin":9500,"salaryMax":14000,"education":"本科","experience":"1-3年","skills":["JavaScript","Vue","CSS","TypeScript"],"description":"【岗位职责】负责互联网/IT方向前端开发工程师相关工作，参与需求分析、方案设计与落地实施。【任职要求】本科及以上学历，工作经验1-3年；熟悉 JavaScript、Vue、CSS 等技术/工具；具备良好的学习能力与团队协作意识。","publishDate":"2026-06-26"}', '2026-07-05 02:06:47', 'CLEANED'),
(52, 'MOCK', 'https://mock.occupation.dev/jobs/52', '{"title":"游戏服务端开发","company":"金桥融信金融服务有限公司","city":"成都","industry":"游戏","salaryMin":9500,"salaryMax":13500,"education":"专科","experience":"1-3年","skills":["Go","Redis","MySQL","分布式","沟通能力"],"description":"【岗位职责】负责游戏方向游戏服务端开发相关工作，参与需求分析、方案设计与落地实施。【任职要求】专科及以上学历，工作经验1-3年；熟悉 Go、Redis、MySQL 等技术/工具；具备良好的学习能力与团队协作意识。","publishDate":"2026-06-22"}', '2026-07-01 02:08:01', 'CLEANED'),
(53, 'MOCK', 'https://mock.occupation.dev/jobs/53', '{"title":"用户增长运营","company":"星辉游戏开发有限公司","city":"上海","industry":"电子商务","salaryMin":14500,"salaryMax":21500,"education":"本科","experience":"5-10年","skills":["用户运营","数据分析","文案策划"],"description":"【岗位职责】负责电子商务方向用户增长运营相关工作，参与需求分析、方案设计与落地实施。【任职要求】本科及以上学历，工作经验5-10年；熟悉 用户运营、数据分析、文案策划 等技术/工具；具备良好的学习能力与团队协作意识。","publishDate":"2026-06-05"}', '2026-07-05 02:07:24', 'CLEANED'),
(54, 'MOCK', 'https://mock.occupation.dev/jobs/54', '{"title":"电商数据运营","company":"天翼软件股份有限公司","city":"广州","industry":"电子商务","salaryMin":5500,"salaryMax":8000,"education":"本科","experience":"应届生","skills":["数据分析","Excel","SQL","用户运营"],"description":"【岗位职责】负责电子商务方向电商数据运营相关工作，参与需求分析、方案设计与落地实施。【任职要求】本科及以上学历，工作经验应届生；熟悉 数据分析、Excel、SQL 等技术/工具；具备良好的学习能力与团队协作意识。","publishDate":"2026-06-28"}', '2026-07-05 02:08:01', 'CLEANED'),
(55, 'MOCK', 'https://mock.occupation.dev/jobs/55', '{"title":"游戏服务端开发","company":"精工智造装备股份有限公司","city":"上海","industry":"游戏","salaryMin":16500,"salaryMax":24000,"education":"本科","experience":"3-5年","skills":["Go","Redis","MySQL","分布式","沟通能力"],"description":"【岗位职责】负责游戏方向游戏服务端开发相关工作，参与需求分析、方案设计与落地实施。【任职要求】本科及以上学历，工作经验3-5年；熟悉 Go、Redis、MySQL 等技术/工具；具备良好的学习能力与团队协作意识。","publishDate":"2026-06-23"}', '2026-07-05 02:08:38', 'CLEANED'),
(56, 'MOCK', 'https://mock.occupation.dev/jobs/56', '{"title":"金融数据分析师","company":"慧眼视觉科技有限公司","city":"广州","industry":"金融","salaryMin":9000,"salaryMax":13500,"education":"本科","experience":"1-3年","skills":["SQL","Python","数据分析","Excel"],"description":"【岗位职责】负责金融方向金融数据分析师相关工作，参与需求分析、方案设计与落地实施。【任职要求】本科及以上学历，工作经验1-3年；熟悉 SQL、Python、数据分析 等技术/工具；具备良好的学习能力与团队协作意识。","publishDate":"2026-06-22"}', '2026-07-01 02:08:38', 'CLEANED'),
(57, 'MOCK', 'https://mock.occupation.dev/jobs/57', '{"title":"机器学习工程师","company":"汇通证券数据服务有限公司","city":"杭州","industry":"人工智能","salaryMin":9500,"salaryMax":14000,"education":"本科","experience":"应届生","skills":["Python","机器学习","PyTorch","SQL"],"description":"【岗位职责】负责人工智能方向机器学习工程师相关工作，参与需求分析、方案设计与落地实施。【任职要求】本科及以上学历，工作经验应届生；熟悉 Python、机器学习、PyTorch 等技术/工具；具备良好的学习能力与团队协作意识。","publishDate":"2026-06-12"}', '2026-07-08 02:06:47', 'CLEANED'),
(58, 'MOCK', 'https://mock.occupation.dev/jobs/58', '{"title":"机器学习工程师","company":"优选电商集团有限公司","city":"上海","industry":"人工智能","salaryMin":17500,"salaryMax":25500,"education":"硕士","experience":"1-3年","skills":["Python","机器学习","PyTorch","SQL"],"description":"【岗位职责】负责人工智能方向机器学习工程师相关工作，参与需求分析、方案设计与落地实施。【任职要求】硕士及以上学历，工作经验1-3年；熟悉 Python、机器学习、PyTorch 等技术/工具；具备良好的学习能力与团队协作意识。","publishDate":"2026-06-21"}', '2026-07-08 02:07:24', 'CLEANED'),
(59, 'MOCK', 'https://mock.occupation.dev/jobs/59', '{"title":"全栈开发工程师","company":"启明星辰网络技术有限公司","city":"南京","industry":"互联网/IT","salaryMin":12500,"salaryMax":18500,"education":"硕士","experience":"1-3年","skills":["JavaScript","Vue","Java","MySQL"],"description":"【岗位职责】负责互联网/IT方向全栈开发工程师相关工作，参与需求分析、方案设计与落地实施。【任职要求】硕士及以上学历，工作经验1-3年；熟悉 JavaScript、Vue、Java 等技术/工具；具备良好的学习能力与团队协作意识。","publishDate":"2026-06-17"}', '2026-06-27 02:04:56', 'CLEANED'),
(60, 'MOCK', 'https://mock.occupation.dev/jobs/60', '{"title":"算法工程师","company":"精工智造装备股份有限公司","city":"上海","industry":"人工智能","salaryMin":12500,"salaryMax":18500,"education":"本科","experience":"经验不限","skills":["Python","机器学习","数据结构","C++"],"description":"【岗位职责】负责人工智能方向算法工程师相关工作，参与需求分析、方案设计与落地实施。【任职要求】本科及以上学历，经验不限；熟悉 Python、机器学习、数据结构 等技术/工具；具备良好的学习能力与团队协作意识。","publishDate":"2026-06-27"}', '2026-07-08 02:08:01', 'CLEANED'),
(61, 'MOCK', 'https://mock.occupation.dev/jobs/61', '{"title":"算法工程师","company":"云栖数智信息技术有限公司","city":"深圳","industry":"人工智能","salaryMin":11500,"salaryMax":16500,"education":"本科","experience":"经验不限","skills":["Python","机器学习","数据结构","C++"],"description":"【岗位职责】负责人工智能方向算法工程师相关工作，参与需求分析、方案设计与落地实施。【任职要求】本科及以上学历，经验不限；熟悉 Python、机器学习、数据结构 等技术/工具；具备良好的学习能力与团队协作意识。","publishDate":"2026-06-04"}', '2026-07-08 02:08:38', 'CLEANED'),
(62, 'MOCK', 'https://mock.occupation.dev/jobs/62', '{"title":"大数据开发工程师","company":"博睿人工智能研究院有限公司","city":"杭州","industry":"大数据","salaryMin":8500,"salaryMax":12500,"education":"专科","experience":"经验不限","skills":["Java","Spark","Hadoop","Hive"],"description":"【岗位职责】负责大数据方向大数据开发工程师相关工作，参与需求分析、方案设计与落地实施。【任职要求】专科及以上学历，经验不限；熟悉 Java、Spark、Hadoop 等技术/工具；具备良好的学习能力与团队协作意识。","publishDate":"2026-06-26"}', '2026-07-05 02:09:15', 'CLEANED'),
(63, 'MOCK', 'https://mock.occupation.dev/jobs/63', '{"title":"Go开发工程师","company":"数联云图大数据有限公司","city":"苏州","industry":"互联网/IT","salaryMin":10000,"salaryMax":15000,"education":"本科","experience":"1-3年","skills":["Go","MySQL","Redis","微服务"],"description":"【岗位职责】负责互联网/IT方向Go开发工程师相关工作，参与需求分析、方案设计与落地实施。【任职要求】本科及以上学历，工作经验1-3年；熟悉 Go、MySQL、Redis 等技术/工具；具备良好的学习能力与团队协作意识。","publishDate":"2026-06-17"}', '2026-06-20 02:07:24', 'CLEANED'),
(64, 'MOCK', 'https://mock.occupation.dev/jobs/64', '{"title":"运维开发工程师","company":"知行在线教育科技有限公司","city":"武汉","industry":"互联网/IT","salaryMin":5500,"salaryMax":8000,"education":"本科","experience":"应届生","skills":["Linux","Docker","Kubernetes","Python"],"description":"【岗位职责】负责互联网/IT方向运维开发工程师相关工作，参与需求分析、方案设计与落地实施。【任职要求】本科及以上学历，工作经验应届生；熟悉 Linux、Docker、Kubernetes 等技术/工具；具备良好的学习能力与团队协作意识。","publishDate":"2026-06-04"}', '2026-07-05 02:09:52', 'CLEANED'),
(65, 'MOCK', 'https://mock.occupation.dev/jobs/65', '{"title":"后端开发工程师","company":"云栖数智信息技术有限公司","city":"北京","industry":"互联网/IT","salaryMin":15000,"salaryMax":22000,"education":"本科","experience":"3-5年","skills":["Java","MySQL","Redis","分布式","Linux"],"description":"【岗位职责】负责互联网/IT方向后端开发工程师相关工作，参与需求分析、方案设计与落地实施。【任职要求】本科及以上学历，工作经验3-5年；熟悉 Java、MySQL、Redis 等技术/工具；具备良好的学习能力与团队协作意识。","publishDate":"2026-06-22"}', '2026-07-05 02:10:29', 'CLEANED'),
(66, 'MOCK', 'https://mock.occupation.dev/jobs/66', '{"title":"计算机视觉工程师","company":"汇通证券数据服务有限公司","city":"北京","industry":"人工智能","salaryMin":15500,"salaryMax":23000,"education":"本科","experience":"1-3年","skills":["Python","计算机视觉","深度学习","TensorFlow"],"description":"【岗位职责】负责人工智能方向计算机视觉工程师相关工作，参与需求分析、方案设计与落地实施。【任职要求】本科及以上学历，工作经验1-3年；熟悉 Python、计算机视觉、深度学习 等技术/工具；具备良好的学习能力与团队协作意识。","publishDate":"2026-06-05"}', '2026-07-05 02:11:06', 'CLEANED'),
(67, 'MOCK', 'https://mock.occupation.dev/jobs/67', '{"title":"数据仓库工程师","company":"优选电商集团有限公司","city":"杭州","industry":"大数据","salaryMin":13500,"salaryMax":20000,"education":"本科","experience":"3-5年","skills":["SQL","Hive","Spark","数据建模","沟通能力"],"description":"【岗位职责】负责大数据方向数据仓库工程师相关工作，参与需求分析、方案设计与落地实施。【任职要求】本科及以上学历，工作经验3-5年；熟悉 SQL、Hive、Spark 等技术/工具；具备良好的学习能力与团队协作意识。","publishDate":"2026-06-21"}', '2026-07-01 02:09:15', 'CLEANED'),
(68, 'MOCK', 'https://mock.occupation.dev/jobs/68', '{"title":"运维开发工程师","company":"星辉游戏开发有限公司","city":"北京","industry":"互联网/IT","salaryMin":14500,"salaryMax":21000,"education":"本科","experience":"3-5年","skills":["Linux","Docker","Kubernetes","Python"],"description":"【岗位职责】负责互联网/IT方向运维开发工程师相关工作，参与需求分析、方案设计与落地实施。【任职要求】本科及以上学历，工作经验3-5年；熟悉 Linux、Docker、Kubernetes 等技术/工具；具备良好的学习能力与团队协作意识。","publishDate":"2026-06-16"}', '2026-06-20 02:08:01', 'CLEANED'),
(69, 'MOCK', 'https://mock.occupation.dev/jobs/69', '{"title":"自动化测试工程师","company":"启明星辰网络技术有限公司","city":"上海","industry":"智能制造","salaryMin":11500,"salaryMax":17000,"education":"博士","experience":"应届生","skills":["Python","Linux","Selenium","沟通能力"],"description":"【岗位职责】负责智能制造方向自动化测试工程师相关工作，参与需求分析、方案设计与落地实施。【任职要求】博士及以上学历，工作经验应届生；熟悉 Python、Linux、Selenium 等技术/工具；具备良好的学习能力与团队协作意识。","publishDate":"2026-07-06"}', '2026-07-08 02:09:15', 'CLEANED'),
(70, 'MOCK', 'https://mock.occupation.dev/jobs/70', '{"title":"实时计算工程师","company":"博睿人工智能研究院有限公司","city":"深圳","industry":"大数据","salaryMin":12500,"salaryMax":18000,"education":"本科","experience":"1-3年","skills":["Java","Flink","Kafka","Redis"],"description":"【岗位职责】负责大数据方向实时计算工程师相关工作，参与需求分析、方案设计与落地实施。【任职要求】本科及以上学历，工作经验1-3年；熟悉 Java、Flink、Kafka 等技术/工具；具备良好的学习能力与团队协作意识。","publishDate":"2026-07-05"}', '2026-07-08 02:09:52', 'CLEANED'),
(71, 'MOCK', 'https://mock.occupation.dev/jobs/71', '{"title":"工业软件开发工程师","company":"联达自动化技术有限公司","city":"武汉","industry":"智能制造","salaryMin":7000,"salaryMax":10500,"education":"硕士","experience":"经验不限","skills":["Java","MySQL","Linux","Git"],"description":"【岗位职责】负责智能制造方向工业软件开发工程师相关工作，参与需求分析、方案设计与落地实施。【任职要求】硕士及以上学历，经验不限；熟悉 Java、MySQL、Linux 等技术/工具；具备良好的学习能力与团队协作意识。","publishDate":"2026-07-05"}', '2026-07-08 02:10:29', 'CLEANED'),
(72, 'MOCK', 'https://mock.occupation.dev/jobs/72', '{"title":"实时计算工程师","company":"联达自动化技术有限公司","city":"深圳","industry":"大数据","salaryMin":24500,"salaryMax":36000,"education":"本科","experience":"5-10年","skills":["Java","Flink","Kafka","Redis"],"description":"【岗位职责】负责大数据方向实时计算工程师相关工作，参与需求分析、方案设计与落地实施。【任职要求】本科及以上学历，工作经验5-10年；熟悉 Java、Flink、Kafka 等技术/工具；具备良好的学习能力与团队协作意识。","publishDate":"2026-07-02"}', '2026-07-05 02:11:43', 'CLEANED'),
(73, 'MOCK', 'https://mock.occupation.dev/jobs/73', '{"title":"课程研发工程师","company":"汇通证券数据服务有限公司","city":"广州","industry":"教育","salaryMin":7000,"salaryMax":10000,"education":"专科","experience":"1-3年","skills":["Java","Vue","MySQL","团队协作"],"description":"【岗位职责】负责教育方向课程研发工程师相关工作，参与需求分析、方案设计与落地实施。【任职要求】专科及以上学历，工作经验1-3年；熟悉 Java、Vue、MySQL 等技术/工具；具备良好的学习能力与团队协作意识。","publishDate":"2026-07-04"}', '2026-07-08 02:11:06', 'CLEANED'),
(74, 'MOCK', 'https://mock.occupation.dev/jobs/74', '{"title":"测试开发工程师","company":"博睿人工智能研究院有限公司","city":"北京","industry":"互联网/IT","salaryMin":13000,"salaryMax":19500,"education":"本科","experience":"3-5年","skills":["Python","Selenium","Linux","MySQL","团队协作"],"description":"【岗位职责】负责互联网/IT方向测试开发工程师相关工作，参与需求分析、方案设计与落地实施。【任职要求】本科及以上学历，工作经验3-5年；熟悉 Python、Selenium、Linux 等技术/工具；具备良好的学习能力与团队协作意识。","publishDate":"2026-07-01"}', '2026-07-08 02:11:43', 'CLEANED'),
(75, 'MOCK', 'https://mock.occupation.dev/jobs/75', '{"title":"计算机视觉工程师","company":"康桥医疗信息科技有限公司","city":"深圳","industry":"人工智能","salaryMin":18500,"salaryMax":27500,"education":"本科","experience":"3-5年","skills":["Python","计算机视觉","深度学习","TensorFlow"],"description":"【岗位职责】负责人工智能方向计算机视觉工程师相关工作，参与需求分析、方案设计与落地实施。【任职要求】本科及以上学历，工作经验3-5年；熟悉 Python、计算机视觉、深度学习 等技术/工具；具备良好的学习能力与团队协作意识。","publishDate":"2026-07-02"}', '2026-07-08 02:12:20', 'CLEANED'),
(76, 'MOCK', 'https://mock.occupation.dev/jobs/76', '{"title":"计算机视觉工程师","company":"数联云图大数据有限公司","city":"苏州","industry":"人工智能","salaryMin":11500,"salaryMax":17000,"education":"本科","experience":"1-3年","skills":["Python","计算机视觉","深度学习","TensorFlow"],"description":"【岗位职责】负责人工智能方向计算机视觉工程师相关工作，参与需求分析、方案设计与落地实施。【任职要求】本科及以上学历，工作经验1-3年；熟悉 Python、计算机视觉、深度学习 等技术/工具；具备良好的学习能力与团队协作意识。","publishDate":"2026-07-02"}', '2026-07-05 02:12:20', 'CLEANED'),
(77, 'MOCK', 'https://mock.occupation.dev/jobs/77', '{"title":"测试开发工程师","company":"金桥融信金融服务有限公司","city":"北京","industry":"互联网/IT","salaryMin":18000,"salaryMax":27000,"education":"本科","experience":"5-10年","skills":["Python","Selenium","Linux","MySQL","沟通能力"],"description":"【岗位职责】负责互联网/IT方向测试开发工程师相关工作，参与需求分析、方案设计与落地实施。【任职要求】本科及以上学历，工作经验5-10年；熟悉 Python、Selenium、Linux 等技术/工具；具备良好的学习能力与团队协作意识。","publishDate":"2026-07-02"}', '2026-07-08 02:12:57', 'CLEANED'),
(78, 'MOCK', 'https://mock.occupation.dev/jobs/78', '{"title":"用户增长运营","company":"数联云图大数据有限公司","city":"杭州","industry":"电子商务","salaryMin":7500,"salaryMax":11000,"education":"本科","experience":"1-3年","skills":["用户运营","数据分析","文案策划"],"description":"【岗位职责】负责电子商务方向用户增长运营相关工作，参与需求分析、方案设计与落地实施。【任职要求】本科及以上学历，工作经验1-3年；熟悉 用户运营、数据分析、文案策划 等技术/工具；具备良好的学习能力与团队协作意识。","publishDate":"2026-07-02"}', '2026-07-05 02:12:57', 'CLEANED'),
(79, 'MOCK', 'https://mock.occupation.dev/jobs/79', '{"title":"NLP算法工程师","company":"博睿人工智能研究院有限公司","city":"北京","industry":"人工智能","salaryMin":11000,"salaryMax":16500,"education":"本科","experience":"应届生","skills":["Python","深度学习","NLP","PyTorch"],"description":"【岗位职责】负责人工智能方向NLP算法工程师相关工作，参与需求分析、方案设计与落地实施。【任职要求】本科及以上学历，工作经验应届生；熟悉 Python、深度学习、NLP 等技术/工具；具备良好的学习能力与团队协作意识。","publishDate":"2026-07-05"}', '2026-07-08 02:13:34', 'CLEANED'),
(80, 'MOCK', 'https://mock.occupation.dev/jobs/80', '{"title":"大数据开发工程师","company":"数联云图大数据有限公司","city":"南京","industry":"大数据","salaryMin":8500,"salaryMax":12500,"education":"本科","experience":"应届生","skills":["Java","Spark","Hadoop","Hive"],"description":"【岗位职责】负责大数据方向大数据开发工程师相关工作，参与需求分析、方案设计与落地实施。【任职要求】本科及以上学历，工作经验应届生；熟悉 Java、Spark、Hadoop 等技术/工具；具备良好的学习能力与团队协作意识。","publishDate":"2026-07-08"}', '2026-07-08 02:14:11', 'CLEANED'),
(81, 'MOCK', 'https://mock.occupation.dev/jobs/81', '{"title":"嵌入式软件工程师","company":"知行在线教育科技有限公司","city":"广州","industry":"智能制造","salaryMin":6500,"salaryMax":9500,"education":"本科","experience":"应届生","skills":["C++","Linux","单片机"],"description":"【岗位职责】负责智能制造方向嵌入式软件工程师相关工作，参与需求分析、方案设计与落地实施。【任职要求】本科及以上学历，工作经验应届生；熟悉 C++、Linux、单片机 等技术/工具；具备良好的学习能力与团队协作意识。","publishDate":"2026-07-06"}', '2026-07-08 02:14:48', 'CLEANED'),
(82, 'MOCK', 'https://mock.occupation.dev/jobs/82', '{"title":"游戏数值策划","company":"乐游互动娱乐有限公司","city":"上海","industry":"游戏","salaryMin":7500,"salaryMax":10500,"education":"本科","experience":"应届生","skills":["Excel","数据分析","数理统计","沟通能力"],"description":"【岗位职责】负责游戏方向游戏数值策划相关工作，参与需求分析、方案设计与落地实施。【任职要求】本科及以上学历，工作经验应届生；熟悉 Excel、数据分析、数理统计 等技术/工具；具备良好的学习能力与团队协作意识。","publishDate":"2026-07-07"}', '2026-07-08 02:15:25', 'CLEANED'),
(83, 'MOCK', 'https://mock.occupation.dev/jobs/83', '{"title":"NLP算法工程师","company":"星辉游戏开发有限公司","city":"广州","industry":"人工智能","salaryMin":11500,"salaryMax":17000,"education":"本科","experience":"经验不限","skills":["Python","深度学习","NLP","PyTorch","Git"],"description":"【岗位职责】负责人工智能方向NLP算法工程师相关工作，参与需求分析、方案设计与落地实施。【任职要求】本科及以上学历，经验不限；熟悉 Python、深度学习、NLP 等技术/工具；具备良好的学习能力与团队协作意识。","publishDate":"2026-07-07"}', '2026-07-08 02:16:02', 'CLEANED'),
(84, 'MOCK', 'https://mock.occupation.dev/jobs/84', '{"title":"量化研究员","company":"天翼软件股份有限公司","city":"北京","industry":"金融","salaryMin":41500,"salaryMax":61500,"education":"硕士","experience":"5-10年","skills":["Python","C++","机器学习","数理统计"],"description":"【岗位职责】负责金融方向量化研究员相关工作，参与需求分析、方案设计与落地实施。【任职要求】硕士及以上学历，工作经验5-10年；熟悉 Python、C++、机器学习 等技术/工具；具备良好的学习能力与团队协作意识。","publishDate":"2026-07-03"}', '2026-07-08 02:16:39', 'CLEANED'),
(85, 'MOCK', 'https://mock.occupation.dev/jobs/85', '{"title":"后端开发工程师","company":"汇通证券数据服务有限公司","city":"成都","industry":"互联网/IT","salaryMin":11500,"salaryMax":17000,"education":"硕士","experience":"1-3年","skills":["Java","MySQL","Redis","分布式","Linux","团队协作"],"description":"【岗位职责】负责互联网/IT方向后端开发工程师相关工作，参与需求分析、方案设计与落地实施。【任职要求】硕士及以上学历，工作经验1-3年；熟悉 Java、MySQL、Redis 等技术/工具；具备良好的学习能力与团队协作意识。","publishDate":"2026-07-01"}', '2026-07-05 02:13:34', 'CLEANED'),
(86, 'MOCK', 'https://mock.occupation.dev/jobs/86', '{"title":"自动化测试工程师","company":"星辉游戏开发有限公司","city":"成都","industry":"智能制造","salaryMin":7000,"salaryMax":10500,"education":"本科","experience":"1-3年","skills":["Python","Linux","Selenium"],"description":"【岗位职责】负责智能制造方向自动化测试工程师相关工作，参与需求分析、方案设计与落地实施。【任职要求】本科及以上学历，工作经验1-3年；熟悉 Python、Linux、Selenium 等技术/工具；具备良好的学习能力与团队协作意识。","publishDate":"2026-07-02"}', '2026-07-08 02:17:16', 'CLEANED'),
(87, 'MOCK', 'https://mock.occupation.dev/jobs/87', '{"title":"运维开发工程师","company":"天翼软件股份有限公司","city":"深圳","industry":"互联网/IT","salaryMin":7000,"salaryMax":10000,"education":"不限","experience":"应届生","skills":["Linux","Docker","Kubernetes","Python"],"description":"【岗位职责】负责互联网/IT方向运维开发工程师相关工作，参与需求分析、方案设计与落地实施。【任职要求】学历不限，工作经验应届生；熟悉 Linux、Docker、Kubernetes 等技术/工具；具备良好的学习能力与团队协作意识。","publishDate":"2026-07-03"}', '2026-07-08 02:17:53', 'CLEANED'),
(88, 'MOCK', 'https://mock.occupation.dev/jobs/88', '{"title":"全栈开发工程师","company":"博睿人工智能研究院有限公司","city":"上海","industry":"互联网/IT","salaryMin":9000,"salaryMax":13000,"education":"专科","experience":"经验不限","skills":["JavaScript","Vue","Java","MySQL"],"description":"【岗位职责】负责互联网/IT方向全栈开发工程师相关工作，参与需求分析、方案设计与落地实施。【任职要求】专科及以上学历，经验不限；熟悉 JavaScript、Vue、Java 等技术/工具；具备良好的学习能力与团队协作意识。","publishDate":"2026-07-07"}', '2026-07-08 02:18:30', 'CLEANED'),
(89, 'MOCK', 'https://mock.occupation.dev/jobs/89', '{"title":"用户增长运营","company":"芯联半导体科技有限公司","city":"深圳","industry":"电子商务","salaryMin":6500,"salaryMax":9500,"education":"本科","experience":"经验不限","skills":["用户运营","数据分析","文案策划"],"description":"【岗位职责】负责电子商务方向用户增长运营相关工作，参与需求分析、方案设计与落地实施。【任职要求】本科及以上学历，经验不限；熟悉 用户运营、数据分析、文案策划 等技术/工具；具备良好的学习能力与团队协作意识。","publishDate":"2026-07-05"}', '2026-07-08 02:19:07', 'CLEANED'),
(90, 'MOCK', 'https://mock.occupation.dev/jobs/90', '{"title":"前端开发工程师","company":"天翼软件股份有限公司","city":"武汉","industry":"互联网/IT","salaryMin":5000,"salaryMax":7500,"education":"不限","experience":"经验不限","skills":["JavaScript","Vue","CSS","TypeScript","团队协作"],"description":"【岗位职责】负责互联网/IT方向前端开发工程师相关工作，参与需求分析、方案设计与落地实施。【任职要求】学历不限，经验不限；熟悉 JavaScript、Vue、CSS 等技术/工具；具备良好的学习能力与团队协作意识。","publishDate":"2026-07-06"}', '2026-07-08 02:19:44', 'CLEANED'),
(91, 'MOCK', 'https://mock.occupation.dev/pending/91', '{"title":"Python爬虫开发工程师","company":"数联云图大数据有限公司","city":"广州市","industry":"大数据","salaryMin":9000,"salaryMax":14000,"education":"本科","experience":"1-3年","skills":["Python","Linux","MySQL"],"description":"负责数据采集系统开发与维护。","publishDate":"2026-07-06"}', '2026-07-08 02:20:00', 'RAW'),
(92, 'MOCK', 'https://mock.occupation.dev/pending/92', '{"title":"云计算运维工程师","company":"华信云科技有限公司","city":"杭州市","industry":"互联网/IT","salaryMin":10000,"salaryMax":16000,"education":"本科","experience":"3-5年","skills":["Linux","Docker","Kubernetes"],"description":"负责云平台的部署、监控与故障处理。","publishDate":"2026-07-07"}', '2026-07-08 02:20:00', 'RAW'),
(93, 'MOCK', 'https://mock.occupation.dev/pending/93', '{"title":"数据标注专员","company":"博睿人工智能研究院有限公司","city":"西安市","industry":"人工智能","salaryMin":5000,"salaryMax":7000,"education":"专科","experience":"经验不限","skills":["Excel","数据标注"],"description":"负责 AI 训练数据的标注与质检。","publishDate":"2026-07-08"}', '2026-07-08 02:20:00', 'RAW'),
(94, 'MOCK', 'https://mock.occupation.dev/dirty/94', '{title:非法JSON数据,,,', '2026-07-08 02:21:00', 'RAW'),
(95, 'MOCK', 'https://mock.occupation.dev/dirty/95', '{"title":"缺少公司名的职位","city":"北京","salaryMin":8000,"salaryMax":12000}', '2026-07-08 02:22:00', 'RAW');

-- ---------- 清洗后职位 ----------
INSERT INTO job_detail (id, title, company, city, industry, salary_min, salary_max, education, experience, skills, description, publish_date, source, source_url, publisher_id, create_time) VALUES
(1, '数据仓库工程师', '汇通证券数据服务有限公司', '成都', '大数据', 7500, 11000, '本科', '经验不限', '["SQL","Hive","Spark","数据建模"]', '【岗位职责】负责大数据方向数据仓库工程师相关工作，参与需求分析、方案设计与落地实施。【任职要求】本科及以上学历，经验不限；熟悉 SQL、Hive、Spark 等技术/工具；具备良好的学习能力与团队协作意识。', '2026-02-23', 'MOCK', 'https://mock.occupation.dev/jobs/1', NULL, '2026-06-27 02:01:03'),
(2, '后端开发工程师', '天翼软件股份有限公司', '武汉', '互联网/IT', 6000, 9000, '本科', '应届生', '["Java","MySQL","Redis","分布式","Linux"]', '【岗位职责】负责互联网/IT方向后端开发工程师相关工作，参与需求分析、方案设计与落地实施。【任职要求】本科及以上学历，工作经验应届生；熟悉 Java、MySQL、Redis 等技术/工具；具备良好的学习能力与团队协作意识。', '2026-02-09', 'MOCK', 'https://mock.occupation.dev/jobs/2', NULL, '2026-07-05 02:01:10'),
(3, '大数据开发工程师', '慧眼视觉科技有限公司', '北京', '大数据', 12500, 18000, '本科', '1-3年', '["Java","Spark","Hadoop","Hive","团队协作"]', '【岗位职责】负责大数据方向大数据开发工程师相关工作，参与需求分析、方案设计与落地实施。【任职要求】本科及以上学历，工作经验1-3年；熟悉 Java、Spark、Hadoop 等技术/工具；具备良好的学习能力与团队协作意识。', '2026-02-05', 'MOCK', 'https://mock.occupation.dev/jobs/3', NULL, '2026-07-01 02:01:18'),
(4, '后端开发工程师', '联达自动化技术有限公司', '深圳', '互联网/IT', 8000, 11500, '本科', '应届生', '["Java","MySQL","Redis","分布式","Linux"]', '【岗位职责】负责互联网/IT方向后端开发工程师相关工作，参与需求分析、方案设计与落地实施。【任职要求】本科及以上学历，工作经验应届生；熟悉 Java、MySQL、Redis 等技术/工具；具备良好的学习能力与团队协作意识。', '2026-02-19', 'MOCK', 'https://mock.occupation.dev/jobs/4', NULL, '2026-06-20 02:01:15'),
(5, '运维开发工程师', '乐游互动娱乐有限公司', '北京', '互联网/IT', 9000, 13500, '本科', '经验不限', '["Linux","Docker","Kubernetes","Python"]', '【岗位职责】负责互联网/IT方向运维开发工程师相关工作，参与需求分析、方案设计与落地实施。【任职要求】本科及以上学历，经验不限；熟悉 Linux、Docker、Kubernetes 等技术/工具；具备良好的学习能力与团队协作意识。', '2026-02-27', 'MOCK', 'https://mock.occupation.dev/jobs/5', NULL, '2026-07-05 02:01:51'),
(6, '自动化测试工程师', '精工智造装备股份有限公司', '武汉', '智能制造', 7000, 10000, '本科', '1-3年', '["Python","Linux","Selenium"]', '【岗位职责】负责智能制造方向自动化测试工程师相关工作，参与需求分析、方案设计与落地实施。【任职要求】本科及以上学历，工作经验1-3年；熟悉 Python、Linux、Selenium 等技术/工具；具备良好的学习能力与团队协作意识。', '2026-02-27', 'MOCK', 'https://mock.occupation.dev/jobs/6', NULL, '2026-07-05 02:02:10'),
(7, '电商数据运营', '联达自动化技术有限公司', '成都', '电子商务', 6500, 9500, '硕士', '应届生', '["数据分析","Excel","SQL","用户运营"]', '【岗位职责】负责电子商务方向电商数据运营相关工作，参与需求分析、方案设计与落地实施。【任职要求】硕士及以上学历，工作经验应届生；熟悉 数据分析、Excel、SQL 等技术/工具；具备良好的学习能力与团队协作意识。', '2026-02-09', 'MOCK', 'https://mock.occupation.dev/jobs/7', NULL, '2026-07-08 02:00:48'),
(8, '用户增长运营', '慧眼视觉科技有限公司', '深圳', '电子商务', 9000, 13500, '本科', '1-3年', '["用户运营","数据分析","文案策划"]', '【岗位职责】负责电子商务方向用户增长运营相关工作，参与需求分析、方案设计与落地实施。【任职要求】本科及以上学历，工作经验1-3年；熟悉 用户运营、数据分析、文案策划 等技术/工具；具备良好的学习能力与团队协作意识。', '2026-02-11', 'MOCK', 'https://mock.occupation.dev/jobs/8', NULL, '2026-07-08 02:01:30'),
(9, '运维开发工程师', '康桥医疗信息科技有限公司', '北京', '互联网/IT', 15500, 23000, '不限', '5-10年', '["Linux","Docker","Kubernetes","Python"]', '【岗位职责】负责互联网/IT方向运维开发工程师相关工作，参与需求分析、方案设计与落地实施。【任职要求】学历不限，工作经验5-10年；熟悉 Linux、Docker、Kubernetes 等技术/工具；具备良好的学习能力与团队协作意识。', '2026-03-24', 'MOCK', 'https://mock.occupation.dev/jobs/9', NULL, '2026-06-20 02:01:46'),
(10, '在线教育产品经理', '星辉游戏开发有限公司', '武汉', '教育', 9500, 14500, '本科', '3-5年', '["产品设计","数据分析","项目管理"]', '【岗位职责】负责教育方向在线教育产品经理相关工作，参与需求分析、方案设计与落地实施。【任职要求】本科及以上学历，工作经验3-5年；熟悉 产品设计、数据分析、项目管理 等技术/工具；具备良好的学习能力与团队协作意识。', '2026-03-05', 'MOCK', 'https://mock.occupation.dev/jobs/10', NULL, '2026-07-01 02:01:51'),
(11, '游戏服务端开发', '华信云科技有限公司', '上海', '游戏', 12500, 18000, '不限', '1-3年', '["Go","Redis","MySQL","分布式"]', '【岗位职责】负责游戏方向游戏服务端开发相关工作，参与需求分析、方案设计与落地实施。【任职要求】学历不限，工作经验1-3年；熟悉 Go、Redis、MySQL 等技术/工具；具备良好的学习能力与团队协作意识。', '2026-03-16', 'MOCK', 'https://mock.occupation.dev/jobs/11', NULL, '2026-06-20 02:02:05'),
(12, '用户增长运营', '启明星辰网络技术有限公司', '深圳', '电子商务', 14500, 21500, '本科', '5-10年', '["用户运营","数据分析","文案策划"]', '【岗位职责】负责电子商务方向用户增长运营相关工作，参与需求分析、方案设计与落地实施。【任职要求】本科及以上学历，工作经验5-10年；熟悉 用户运营、数据分析、文案策划 等技术/工具；具备良好的学习能力与团队协作意识。', '2026-03-04', 'MOCK', 'https://mock.occupation.dev/jobs/12', NULL, '2026-07-01 02:02:30'),
(13, 'Go开发工程师', '云栖数智信息技术有限公司', '西安', '互联网/IT', 16000, 24000, '本科', '5-10年', '["Go","MySQL","Redis","微服务","沟通能力"]', '【岗位职责】负责互联网/IT方向Go开发工程师相关工作，参与需求分析、方案设计与落地实施。【任职要求】本科及以上学历，工作经验5-10年；熟悉 Go、MySQL、Redis 等技术/工具；具备良好的学习能力与团队协作意识。', '2026-03-24', 'MOCK', 'https://mock.occupation.dev/jobs/13', NULL, '2026-07-05 02:03:06'),
(14, '游戏服务端开发', '天翼软件股份有限公司', '北京', '游戏', 12500, 18500, '硕士', '应届生', '["Go","Redis","MySQL","分布式"]', '【岗位职责】负责游戏方向游戏服务端开发相关工作，参与需求分析、方案设计与落地实施。【任职要求】硕士及以上学历，工作经验应届生；熟悉 Go、Redis、MySQL 等技术/工具；具备良好的学习能力与团队协作意识。', '2026-03-26', 'MOCK', 'https://mock.occupation.dev/jobs/14', NULL, '2026-07-05 02:03:27'),
(15, '游戏客户端开发', '云栖数智信息技术有限公司', '成都', '游戏', 16500, 24500, '硕士', '3-5年', '["C++","Unity","数据结构"]', '【岗位职责】负责游戏方向游戏客户端开发相关工作，参与需求分析、方案设计与落地实施。【任职要求】硕士及以上学历，工作经验3-5年；熟悉 C++、Unity、数据结构 等技术/工具；具备良好的学习能力与团队协作意识。', '2026-03-21', 'MOCK', 'https://mock.occupation.dev/jobs/15', NULL, '2026-06-20 02:02:38'),
(16, '教学数据分析师', '金桥融信金融服务有限公司', '苏州', '教育', 4000, 6000, '不限', '应届生', '["SQL","Excel","数据分析"]', '【岗位职责】负责教育方向教学数据分析师相关工作，参与需求分析、方案设计与落地实施。【任职要求】学历不限，工作经验应届生；熟悉 SQL、Excel、数据分析 等技术/工具；具备良好的学习能力与团队协作意识。', '2026-03-21', 'MOCK', 'https://mock.occupation.dev/jobs/16', NULL, '2026-06-20 02:03:32'),
(17, '前端开发工程师', '康桥医疗信息科技有限公司', '北京', '互联网/IT', 8500, 12000, '本科', '经验不限', '["JavaScript","Vue","CSS","TypeScript","Git"]', '【岗位职责】负责互联网/IT方向前端开发工程师相关工作，参与需求分析、方案设计与落地实施。【任职要求】本科及以上学历，经验不限；熟悉 JavaScript、Vue、CSS 等技术/工具；具备良好的学习能力与团队协作意识。', '2026-03-06', 'MOCK', 'https://mock.occupation.dev/jobs/17', NULL, '2026-07-08 02:02:11'),
(18, 'Java开发工程师', '联达自动化技术有限公司', '深圳', '互联网/IT', 11500, 17000, '专科', '3-5年', '["Java","Spring Boot","MySQL","Redis","微服务","沟通能力"]', '【岗位职责】负责互联网/IT方向Java开发工程师相关工作，参与需求分析、方案设计与落地实施。【任职要求】专科及以上学历，工作经验3-5年；熟悉 Java、Spring Boot、MySQL 等技术/工具；具备良好的学习能力与团队协作意识。', '2026-03-02', 'MOCK', 'https://mock.occupation.dev/jobs/18', NULL, '2026-07-05 02:04:18'),
(19, '实时计算工程师', '知行在线教育科技有限公司', '杭州', '大数据', 10000, 14500, '本科', '经验不限', '["Java","Flink","Kafka","Redis","Git"]', '【岗位职责】负责大数据方向实时计算工程师相关工作，参与需求分析、方案设计与落地实施。【任职要求】本科及以上学历，经验不限；熟悉 Java、Flink、Kafka 等技术/工具；具备良好的学习能力与团队协作意识。', '2026-04-15', 'MOCK', 'https://mock.occupation.dev/jobs/19', NULL, '2026-07-01 02:02:33'),
(20, '风控算法专员', '数联云图大数据有限公司', '武汉', '金融', 10000, 14500, '硕士', '经验不限', '["SQL","Python","机器学习","数据分析","Linux"]', '【岗位职责】负责金融方向风控算法专员相关工作，参与需求分析、方案设计与落地实施。【任职要求】硕士及以上学历，经验不限；熟悉 SQL、Python、机器学习 等技术/工具；具备良好的学习能力与团队协作意识。', '2026-04-22', 'MOCK', 'https://mock.occupation.dev/jobs/20', NULL, '2026-06-20 02:03:53'),
(21, '风控算法专员', '启明星辰网络技术有限公司', '上海', '金融', 11500, 16500, '本科', '1-3年', '["SQL","Python","机器学习","数据分析"]', '【岗位职责】负责金融方向风控算法专员相关工作，参与需求分析、方案设计与落地实施。【任职要求】本科及以上学历，工作经验1-3年；熟悉 SQL、Python、机器学习 等技术/工具；具备良好的学习能力与团队协作意识。', '2026-04-23', 'MOCK', 'https://mock.occupation.dev/jobs/21', NULL, '2026-06-27 02:01:26'),
(22, '实时计算工程师', '云栖数智信息技术有限公司', '南京', '大数据', 12000, 17500, '本科', '1-3年', '["Java","Flink","Kafka","Redis","Git"]', '【岗位职责】负责大数据方向实时计算工程师相关工作，参与需求分析、方案设计与落地实施。【任职要求】本科及以上学历，工作经验1-3年；熟悉 Java、Flink、Kafka 等技术/工具；具备良好的学习能力与团队协作意识。', '2026-04-16', 'MOCK', 'https://mock.occupation.dev/jobs/22', NULL, '2026-07-08 02:03:15'),
(23, '产品经理', '金桥融信金融服务有限公司', '上海', '电子商务', 16000, 23500, '不限', '5-10年', '["产品设计","Axure","数据分析","项目管理","团队协作"]', '【岗位职责】负责电子商务方向产品经理相关工作，参与需求分析、方案设计与落地实施。【任职要求】学历不限，工作经验5-10年；熟悉 产品设计、Axure、数据分析 等技术/工具；具备良好的学习能力与团队协作意识。', '2026-04-13', 'MOCK', 'https://mock.occupation.dev/jobs/23', NULL, '2026-07-05 02:04:44'),
(24, '实时计算工程师', '芯联半导体科技有限公司', '北京', '大数据', 18000, 26500, '本科', '3-5年', '["Java","Flink","Kafka","Redis"]', '【岗位职责】负责大数据方向实时计算工程师相关工作，参与需求分析、方案设计与落地实施。【任职要求】本科及以上学历，工作经验3-5年；熟悉 Java、Flink、Kafka 等技术/工具；具备良好的学习能力与团队协作意识。', '2026-04-04', 'MOCK', 'https://mock.occupation.dev/jobs/24', NULL, '2026-07-05 02:05:26'),
(25, '工业软件开发工程师', '启明星辰网络技术有限公司', '上海', '智能制造', 8500, 12000, '本科', '经验不限', '["Java","MySQL","Linux"]', '【岗位职责】负责智能制造方向工业软件开发工程师相关工作，参与需求分析、方案设计与落地实施。【任职要求】本科及以上学历，经验不限；熟悉 Java、MySQL、Linux 等技术/工具；具备良好的学习能力与团队协作意识。', '2026-04-12', 'MOCK', 'https://mock.occupation.dev/jobs/25', NULL, '2026-07-01 02:03:39'),
(26, 'Java开发工程师', '闪购网络科技有限公司', '杭州', '互联网/IT', 8000, 12000, '本科', '应届生', '["Java","Spring Boot","MySQL","Redis","微服务","Git"]', '【岗位职责】负责互联网/IT方向Java开发工程师相关工作，参与需求分析、方案设计与落地实施。【任职要求】本科及以上学历，工作经验应届生；熟悉 Java、Spring Boot、MySQL 等技术/工具；具备良好的学习能力与团队协作意识。', '2026-04-10', 'MOCK', 'https://mock.occupation.dev/jobs/26', NULL, '2026-06-27 02:02:10'),
(27, 'Go开发工程师', '天翼软件股份有限公司', '杭州', '互联网/IT', 11500, 17500, '本科', '1-3年', '["Go","MySQL","Redis","微服务"]', '【岗位职责】负责互联网/IT方向Go开发工程师相关工作，参与需求分析、方案设计与落地实施。【任职要求】本科及以上学历，工作经验1-3年；熟悉 Go、MySQL、Redis 等技术/工具；具备良好的学习能力与团队协作意识。', '2026-04-10', 'MOCK', 'https://mock.occupation.dev/jobs/27', NULL, '2026-07-01 02:04:22'),
(28, '数据仓库工程师', '闪购网络科技有限公司', '深圳', '大数据', 12000, 17500, '本科', '1-3年', '["SQL","Hive","Spark","数据建模"]', '【岗位职责】负责大数据方向数据仓库工程师相关工作，参与需求分析、方案设计与落地实施。【任职要求】本科及以上学历，工作经验1-3年；熟悉 SQL、Hive、Spark 等技术/工具；具备良好的学习能力与团队协作意识。', '2026-04-27', 'MOCK', 'https://mock.occupation.dev/jobs/28', NULL, '2026-07-01 02:04:52'),
(29, '数据分析师', '康桥医疗信息科技有限公司', '深圳', '大数据', 13500, 20000, '本科', '3-5年', '["SQL","Python","数据分析","Tableau"]', '【岗位职责】负责大数据方向数据分析师相关工作，参与需求分析、方案设计与落地实施。【任职要求】本科及以上学历，工作经验3-5年；熟悉 SQL、Python、数据分析 等技术/工具；具备良好的学习能力与团队协作意识。', '2026-04-13', 'MOCK', 'https://mock.occupation.dev/jobs/29', NULL, '2026-07-01 02:05:22'),
(30, '电商数据运营', '汇通证券数据服务有限公司', '西安', '电子商务', 5000, 7500, '本科', '经验不限', '["数据分析","Excel","SQL","用户运营"]', '【岗位职责】负责电子商务方向电商数据运营相关工作，参与需求分析、方案设计与落地实施。【任职要求】本科及以上学历，经验不限；熟悉 数据分析、Excel、SQL 等技术/工具；具备良好的学习能力与团队协作意识。', '2026-04-11', 'MOCK', 'https://mock.occupation.dev/jobs/30', NULL, '2026-07-01 02:05:45'),
(31, '前端开发工程师', '闪购网络科技有限公司', '武汉', '互联网/IT', 6500, 10000, '本科', '经验不限', '["JavaScript","Vue","CSS","TypeScript"]', '【岗位职责】负责互联网/IT方向前端开发工程师相关工作，参与需求分析、方案设计与落地实施。【任职要求】本科及以上学历，经验不限；熟悉 JavaScript、Vue、CSS 等技术/工具；具备良好的学习能力与团队协作意识。', '2026-04-05', 'MOCK', 'https://mock.occupation.dev/jobs/31', NULL, '2026-07-08 02:03:43'),
(32, '教学数据分析师', '华信云科技有限公司', '北京', '教育', 11500, 16500, '本科', '3-5年', '["SQL","Excel","数据分析"]', '【岗位职责】负责教育方向教学数据分析师相关工作，参与需求分析、方案设计与落地实施。【任职要求】本科及以上学历，工作经验3-5年；熟悉 SQL、Excel、数据分析 等技术/工具；具备良好的学习能力与团队协作意识。', '2026-05-08', 'MOCK', 'https://mock.occupation.dev/jobs/32', NULL, '2026-06-27 02:02:46'),
(33, '电商数据运营', '数联云图大数据有限公司', '广州', '电子商务', 8000, 11500, '硕士', '经验不限', '["数据分析","Excel","SQL","用户运营","Linux"]', '【岗位职责】负责电子商务方向电商数据运营相关工作，参与需求分析、方案设计与落地实施。【任职要求】硕士及以上学历，经验不限；熟悉 数据分析、Excel、SQL 等技术/工具；具备良好的学习能力与团队协作意识。', '2026-05-18', 'MOCK', 'https://mock.occupation.dev/jobs/33', NULL, '2026-06-20 02:04:57'),
(34, '自动化测试工程师', '乐游互动娱乐有限公司', '苏州', '智能制造', 6000, 8500, '本科', '应届生', '["Python","Linux","Selenium","Git"]', '【岗位职责】负责智能制造方向自动化测试工程师相关工作，参与需求分析、方案设计与落地实施。【任职要求】本科及以上学历，工作经验应届生；熟悉 Python、Linux、Selenium 等技术/工具；具备良好的学习能力与团队协作意识。', '2026-05-05', 'MOCK', 'https://mock.occupation.dev/jobs/34', NULL, '2026-07-05 02:06:02'),
(35, '风控算法专员', '博睿人工智能研究院有限公司', '南京', '金融', 15500, 23000, '硕士', '3-5年', '["SQL","Python","机器学习","数据分析"]', '【岗位职责】负责金融方向风控算法专员相关工作，参与需求分析、方案设计与落地实施。【任职要求】硕士及以上学历，工作经验3-5年；熟悉 SQL、Python、机器学习 等技术/工具；具备良好的学习能力与团队协作意识。', '2026-05-20', 'MOCK', 'https://mock.occupation.dev/jobs/35', NULL, '2026-07-01 02:06:35'),
(36, '后端开发工程师', '精工智造装备股份有限公司', '广州', '互联网/IT', 12500, 18500, '硕士', '1-3年', '["Java","MySQL","Redis","分布式","Linux","沟通能力"]', '【岗位职责】负责互联网/IT方向后端开发工程师相关工作，参与需求分析、方案设计与落地实施。【任职要求】硕士及以上学历，工作经验1-3年；熟悉 Java、MySQL、Redis 等技术/工具；具备良好的学习能力与团队协作意识。', '2026-05-27', 'MOCK', 'https://mock.occupation.dev/jobs/36', NULL, '2026-07-08 02:04:30'),
(37, '前端开发工程师', '联达自动化技术有限公司', '广州', '互联网/IT', 5000, 7500, '不限', '应届生', '["JavaScript","Vue","CSS","TypeScript","Linux"]', '【岗位职责】负责互联网/IT方向前端开发工程师相关工作，参与需求分析、方案设计与落地实施。【任职要求】学历不限，工作经验应届生；熟悉 JavaScript、Vue、CSS 等技术/工具；具备良好的学习能力与团队协作意识。', '2026-05-12', 'MOCK', 'https://mock.occupation.dev/jobs/37', NULL, '2026-06-20 02:05:39'),
(38, 'NLP算法工程师', '联达自动化技术有限公司', '北京', '人工智能', 12000, 18000, '本科', '经验不限', '["Python","深度学习","NLP","PyTorch"]', '【岗位职责】负责人工智能方向NLP算法工程师相关工作，参与需求分析、方案设计与落地实施。【任职要求】本科及以上学历，经验不限；熟悉 Python、深度学习、NLP 等技术/工具；具备良好的学习能力与团队协作意识。', '2026-05-24', 'MOCK', 'https://mock.occupation.dev/jobs/38', NULL, '2026-07-08 02:04:32'),
(39, '风控算法专员', '金桥融信金融服务有限公司', '武汉', '金融', 7500, 11000, '不限', '1-3年', '["SQL","Python","机器学习","数据分析"]', '【岗位职责】负责金融方向风控算法专员相关工作，参与需求分析、方案设计与落地实施。【任职要求】学历不限，工作经验1-3年；熟悉 SQL、Python、机器学习 等技术/工具；具备良好的学习能力与团队协作意识。', '2026-05-06', 'MOCK', 'https://mock.occupation.dev/jobs/39', NULL, '2026-07-05 02:06:24'),
(40, 'Go开发工程师', '闪购网络科技有限公司', '北京', '互联网/IT', 20000, 29500, '本科', '5-10年', '["Go","MySQL","Redis","微服务"]', '【岗位职责】负责互联网/IT方向Go开发工程师相关工作，参与需求分析、方案设计与落地实施。【任职要求】本科及以上学历，工作经验5-10年；熟悉 Go、MySQL、Redis 等技术/工具；具备良好的学习能力与团队协作意识。', '2026-05-24', 'MOCK', 'https://mock.occupation.dev/jobs/40', NULL, '2026-07-01 02:07:33'),
(41, '后端开发工程师', '慧眼视觉科技有限公司', '深圳', '互联网/IT', 19500, 28500, '硕士', '3-5年', '["Java","MySQL","Redis","分布式","Linux","沟通能力"]', '【岗位职责】负责互联网/IT方向后端开发工程师相关工作，参与需求分析、方案设计与落地实施。【任职要求】硕士及以上学历，工作经验3-5年；熟悉 Java、MySQL、Redis 等技术/工具；具备良好的学习能力与团队协作意识。', '2026-05-03', 'MOCK', 'https://mock.occupation.dev/jobs/41', NULL, '2026-07-01 02:07:39'),
(42, '嵌入式软件工程师', '乐游互动娱乐有限公司', '上海', '智能制造', 9000, 13000, '本科', '经验不限', '["C++","Linux","单片机"]', '【岗位职责】负责智能制造方向嵌入式软件工程师相关工作，参与需求分析、方案设计与落地实施。【任职要求】本科及以上学历，经验不限；熟悉 C++、Linux、单片机 等技术/工具；具备良好的学习能力与团队协作意识。', '2026-05-20', 'MOCK', 'https://mock.occupation.dev/jobs/42', NULL, '2026-06-27 02:03:49'),
(43, '测试开发工程师', '芯联半导体科技有限公司', '西安', '互联网/IT', 8500, 12500, '本科', '3-5年', '["Python","Selenium","Linux","MySQL"]', '【岗位职责】负责互联网/IT方向测试开发工程师相关工作，参与需求分析、方案设计与落地实施。【任职要求】本科及以上学历，工作经验3-5年；熟悉 Python、Selenium、Linux 等技术/工具；具备良好的学习能力与团队协作意识。', '2026-05-11', 'MOCK', 'https://mock.occupation.dev/jobs/43', NULL, '2026-06-20 02:06:09'),
(44, '工业软件开发工程师', '汇通证券数据服务有限公司', '上海', '智能制造', 11500, 17000, '硕士', '1-3年', '["Java","MySQL","Linux","团队协作"]', '【岗位职责】负责智能制造方向工业软件开发工程师相关工作，参与需求分析、方案设计与落地实施。【任职要求】硕士及以上学历，工作经验1-3年；熟悉 Java、MySQL、Linux 等技术/工具；具备良好的学习能力与团队协作意识。', '2026-05-16', 'MOCK', 'https://mock.occupation.dev/jobs/44', NULL, '2026-07-08 02:05:27'),
(45, '测试开发工程师', '云栖数智信息技术有限公司', '南京', '互联网/IT', 12000, 17500, '硕士', '3-5年', '["Python","Selenium","Linux","MySQL"]', '【岗位职责】负责互联网/IT方向测试开发工程师相关工作，参与需求分析、方案设计与落地实施。【任职要求】硕士及以上学历，工作经验3-5年；熟悉 Python、Selenium、Linux 等技术/工具；具备良好的学习能力与团队协作意识。', '2026-05-16', 'MOCK', 'https://mock.occupation.dev/jobs/45', NULL, '2026-06-27 02:04:21'),
(46, '实时计算工程师', '优选电商集团有限公司', '杭州', '大数据', 10000, 14500, '本科', '经验不限', '["Java","Flink","Kafka","Redis"]', '【岗位职责】负责大数据方向实时计算工程师相关工作，参与需求分析、方案设计与落地实施。【任职要求】本科及以上学历，经验不限；熟悉 Java、Flink、Kafka 等技术/工具；具备良好的学习能力与团队协作意识。', '2026-05-23', 'MOCK', 'https://mock.occupation.dev/jobs/46', NULL, '2026-06-27 02:04:32'),
(47, '实时计算工程师', '华信云科技有限公司', '北京', '大数据', 29000, 42500, '硕士', '5-10年', '["Java","Flink","Kafka","Redis"]', '【岗位职责】负责大数据方向实时计算工程师相关工作，参与需求分析、方案设计与落地实施。【任职要求】硕士及以上学历，工作经验5-10年；熟悉 Java、Flink、Kafka 等技术/工具；具备良好的学习能力与团队协作意识。', '2026-05-23', 'MOCK', 'https://mock.occupation.dev/jobs/47', NULL, '2026-06-20 02:06:38'),
(48, '大数据开发工程师', '天翼软件股份有限公司', '杭州', '大数据', 8000, 11500, '本科', '应届生', '["Java","Spark","Hadoop","Hive","沟通能力"]', '【岗位职责】负责大数据方向大数据开发工程师相关工作，参与需求分析、方案设计与落地实施。【任职要求】本科及以上学历，工作经验应届生；熟悉 Java、Spark、Hadoop 等技术/工具；具备良好的学习能力与团队协作意识。', '2026-06-18', 'MOCK', 'https://mock.occupation.dev/jobs/48', NULL, '2026-07-08 02:05:46'),
(49, '游戏数值策划', '云栖数智信息技术有限公司', '杭州', '游戏', 6000, 9000, '专科', '应届生', '["Excel","数据分析","数理统计","Git"]', '【岗位职责】负责游戏方向游戏数值策划相关工作，参与需求分析、方案设计与落地实施。【任职要求】专科及以上学历，工作经验应届生；熟悉 Excel、数据分析、数理统计 等技术/工具；具备良好的学习能力与团队协作意识。', '2026-06-16', 'MOCK', 'https://mock.occupation.dev/jobs/49', NULL, '2026-06-20 02:07:37'),
(50, '算法工程师', '云栖数智信息技术有限公司', '北京', '人工智能', 13000, 19500, '不限', '1-3年', '["Python","机器学习","数据结构","C++","团队协作"]', '【岗位职责】负责人工智能方向算法工程师相关工作，参与需求分析、方案设计与落地实施。【任职要求】学历不限，工作经验1-3年；熟悉 Python、机器学习、数据结构 等技术/工具；具备良好的学习能力与团队协作意识。', '2026-06-23', 'MOCK', 'https://mock.occupation.dev/jobs/50', NULL, '2026-07-08 02:06:46'),
(51, '前端开发工程师', '博睿人工智能研究院有限公司', '深圳', '互联网/IT', 9500, 14000, '本科', '1-3年', '["JavaScript","Vue","CSS","TypeScript"]', '【岗位职责】负责互联网/IT方向前端开发工程师相关工作，参与需求分析、方案设计与落地实施。【任职要求】本科及以上学历，工作经验1-3年；熟悉 JavaScript、Vue、CSS 等技术/工具；具备良好的学习能力与团队协作意识。', '2026-06-26', 'MOCK', 'https://mock.occupation.dev/jobs/51', NULL, '2026-07-05 02:07:24'),
(52, '游戏服务端开发', '金桥融信金融服务有限公司', '成都', '游戏', 9500, 13500, '专科', '1-3年', '["Go","Redis","MySQL","分布式","沟通能力"]', '【岗位职责】负责游戏方向游戏服务端开发相关工作，参与需求分析、方案设计与落地实施。【任职要求】专科及以上学历，工作经验1-3年；熟悉 Go、Redis、MySQL 等技术/工具；具备良好的学习能力与团队协作意识。', '2026-06-22', 'MOCK', 'https://mock.occupation.dev/jobs/52', NULL, '2026-07-01 02:08:23'),
(53, '用户增长运营', '星辉游戏开发有限公司', '上海', '电子商务', 14500, 21500, '本科', '5-10年', '["用户运营","数据分析","文案策划"]', '【岗位职责】负责电子商务方向用户增长运营相关工作，参与需求分析、方案设计与落地实施。【任职要求】本科及以上学历，工作经验5-10年；熟悉 用户运营、数据分析、文案策划 等技术/工具；具备良好的学习能力与团队协作意识。', '2026-06-05', 'MOCK', 'https://mock.occupation.dev/jobs/53', NULL, '2026-07-05 02:08:03'),
(54, '电商数据运营', '天翼软件股份有限公司', '广州', '电子商务', 5500, 8000, '本科', '应届生', '["数据分析","Excel","SQL","用户运营"]', '【岗位职责】负责电子商务方向电商数据运营相关工作，参与需求分析、方案设计与落地实施。【任职要求】本科及以上学历，工作经验应届生；熟悉 数据分析、Excel、SQL 等技术/工具；具备良好的学习能力与团队协作意识。', '2026-06-28', 'MOCK', 'https://mock.occupation.dev/jobs/54', NULL, '2026-07-05 02:08:16'),
(55, '游戏服务端开发', '精工智造装备股份有限公司', '上海', '游戏', 16500, 24000, '本科', '3-5年', '["Go","Redis","MySQL","分布式","沟通能力"]', '【岗位职责】负责游戏方向游戏服务端开发相关工作，参与需求分析、方案设计与落地实施。【任职要求】本科及以上学历，工作经验3-5年；熟悉 Go、Redis、MySQL 等技术/工具；具备良好的学习能力与团队协作意识。', '2026-06-23', 'MOCK', 'https://mock.occupation.dev/jobs/55', NULL, '2026-07-05 02:09:05'),
(56, '金融数据分析师', '慧眼视觉科技有限公司', '广州', '金融', 9000, 13500, '本科', '1-3年', '["SQL","Python","数据分析","Excel"]', '【岗位职责】负责金融方向金融数据分析师相关工作，参与需求分析、方案设计与落地实施。【任职要求】本科及以上学历，工作经验1-3年；熟悉 SQL、Python、数据分析 等技术/工具；具备良好的学习能力与团队协作意识。', '2026-06-22', 'MOCK', 'https://mock.occupation.dev/jobs/56', NULL, '2026-07-01 02:09:16'),
(57, '机器学习工程师', '汇通证券数据服务有限公司', '杭州', '人工智能', 9500, 14000, '本科', '应届生', '["Python","机器学习","PyTorch","SQL"]', '【岗位职责】负责人工智能方向机器学习工程师相关工作，参与需求分析、方案设计与落地实施。【任职要求】本科及以上学历，工作经验应届生；熟悉 Python、机器学习、PyTorch 等技术/工具；具备良好的学习能力与团队协作意识。', '2026-06-12', 'MOCK', 'https://mock.occupation.dev/jobs/57', NULL, '2026-07-08 02:07:13'),
(58, '机器学习工程师', '优选电商集团有限公司', '上海', '人工智能', 17500, 25500, '硕士', '1-3年', '["Python","机器学习","PyTorch","SQL"]', '【岗位职责】负责人工智能方向机器学习工程师相关工作，参与需求分析、方案设计与落地实施。【任职要求】硕士及以上学历，工作经验1-3年；熟悉 Python、机器学习、PyTorch 等技术/工具；具备良好的学习能力与团队协作意识。', '2026-06-21', 'MOCK', 'https://mock.occupation.dev/jobs/58', NULL, '2026-07-08 02:07:48'),
(59, '全栈开发工程师', '启明星辰网络技术有限公司', '南京', '互联网/IT', 12500, 18500, '硕士', '1-3年', '["JavaScript","Vue","Java","MySQL"]', '【岗位职责】负责互联网/IT方向全栈开发工程师相关工作，参与需求分析、方案设计与落地实施。【任职要求】硕士及以上学历，工作经验1-3年；熟悉 JavaScript、Vue、Java 等技术/工具；具备良好的学习能力与团队协作意识。', '2026-06-17', 'MOCK', 'https://mock.occupation.dev/jobs/59', NULL, '2026-06-27 02:05:32'),
(60, '算法工程师', '精工智造装备股份有限公司', '上海', '人工智能', 12500, 18500, '本科', '经验不限', '["Python","机器学习","数据结构","C++"]', '【岗位职责】负责人工智能方向算法工程师相关工作，参与需求分析、方案设计与落地实施。【任职要求】本科及以上学历，经验不限；熟悉 Python、机器学习、数据结构 等技术/工具；具备良好的学习能力与团队协作意识。', '2026-06-27', 'MOCK', 'https://mock.occupation.dev/jobs/60', NULL, '2026-07-08 02:08:15'),
(61, '算法工程师', '云栖数智信息技术有限公司', '深圳', '人工智能', 11500, 16500, '本科', '经验不限', '["Python","机器学习","数据结构","C++"]', '【岗位职责】负责人工智能方向算法工程师相关工作，参与需求分析、方案设计与落地实施。【任职要求】本科及以上学历，经验不限；熟悉 Python、机器学习、数据结构 等技术/工具；具备良好的学习能力与团队协作意识。', '2026-06-04', 'MOCK', 'https://mock.occupation.dev/jobs/61', NULL, '2026-07-08 02:09:21'),
(62, '大数据开发工程师', '博睿人工智能研究院有限公司', '杭州', '大数据', 8500, 12500, '专科', '经验不限', '["Java","Spark","Hadoop","Hive"]', '【岗位职责】负责大数据方向大数据开发工程师相关工作，参与需求分析、方案设计与落地实施。【任职要求】专科及以上学历，经验不限；熟悉 Java、Spark、Hadoop 等技术/工具；具备良好的学习能力与团队协作意识。', '2026-06-26', 'MOCK', 'https://mock.occupation.dev/jobs/62', NULL, '2026-07-05 02:09:31'),
(63, 'Go开发工程师', '数联云图大数据有限公司', '苏州', '互联网/IT', 10000, 15000, '本科', '1-3年', '["Go","MySQL","Redis","微服务"]', '【岗位职责】负责互联网/IT方向Go开发工程师相关工作，参与需求分析、方案设计与落地实施。【任职要求】本科及以上学历，工作经验1-3年；熟悉 Go、MySQL、Redis 等技术/工具；具备良好的学习能力与团队协作意识。', '2026-06-17', 'MOCK', 'https://mock.occupation.dev/jobs/63', NULL, '2026-06-20 02:08:02'),
(64, '运维开发工程师', '知行在线教育科技有限公司', '武汉', '互联网/IT', 5500, 8000, '本科', '应届生', '["Linux","Docker","Kubernetes","Python"]', '【岗位职责】负责互联网/IT方向运维开发工程师相关工作，参与需求分析、方案设计与落地实施。【任职要求】本科及以上学历，工作经验应届生；熟悉 Linux、Docker、Kubernetes 等技术/工具；具备良好的学习能力与团队协作意识。', '2026-06-04', 'MOCK', 'https://mock.occupation.dev/jobs/64', NULL, '2026-07-05 02:10:14'),
(65, '后端开发工程师', '云栖数智信息技术有限公司', '北京', '互联网/IT', 15000, 22000, '本科', '3-5年', '["Java","MySQL","Redis","分布式","Linux"]', '【岗位职责】负责互联网/IT方向后端开发工程师相关工作，参与需求分析、方案设计与落地实施。【任职要求】本科及以上学历，工作经验3-5年；熟悉 Java、MySQL、Redis 等技术/工具；具备良好的学习能力与团队协作意识。', '2026-06-22', 'MOCK', 'https://mock.occupation.dev/jobs/65', NULL, '2026-07-05 02:11:15'),
(66, '计算机视觉工程师', '汇通证券数据服务有限公司', '北京', '人工智能', 15500, 23000, '本科', '1-3年', '["Python","计算机视觉","深度学习","TensorFlow"]', '【岗位职责】负责人工智能方向计算机视觉工程师相关工作，参与需求分析、方案设计与落地实施。【任职要求】本科及以上学历，工作经验1-3年；熟悉 Python、计算机视觉、深度学习 等技术/工具；具备良好的学习能力与团队协作意识。', '2026-06-05', 'MOCK', 'https://mock.occupation.dev/jobs/66', NULL, '2026-07-05 02:11:28'),
(67, '数据仓库工程师', '优选电商集团有限公司', '杭州', '大数据', 13500, 20000, '本科', '3-5年', '["SQL","Hive","Spark","数据建模","沟通能力"]', '【岗位职责】负责大数据方向数据仓库工程师相关工作，参与需求分析、方案设计与落地实施。【任职要求】本科及以上学历，工作经验3-5年；熟悉 SQL、Hive、Spark 等技术/工具；具备良好的学习能力与团队协作意识。', '2026-06-21', 'MOCK', 'https://mock.occupation.dev/jobs/67', NULL, '2026-07-01 02:09:24'),
(68, '运维开发工程师', '星辉游戏开发有限公司', '北京', '互联网/IT', 14500, 21000, '本科', '3-5年', '["Linux","Docker","Kubernetes","Python"]', '【岗位职责】负责互联网/IT方向运维开发工程师相关工作，参与需求分析、方案设计与落地实施。【任职要求】本科及以上学历，工作经验3-5年；熟悉 Linux、Docker、Kubernetes 等技术/工具；具备良好的学习能力与团队协作意识。', '2026-06-16', 'MOCK', 'https://mock.occupation.dev/jobs/68', NULL, '2026-06-20 02:08:29'),
(69, '自动化测试工程师', '启明星辰网络技术有限公司', '上海', '智能制造', 11500, 17000, '博士', '应届生', '["Python","Linux","Selenium","沟通能力"]', '【岗位职责】负责智能制造方向自动化测试工程师相关工作，参与需求分析、方案设计与落地实施。【任职要求】博士及以上学历，工作经验应届生；熟悉 Python、Linux、Selenium 等技术/工具；具备良好的学习能力与团队协作意识。', '2026-07-06', 'MOCK', 'https://mock.occupation.dev/jobs/69', NULL, '2026-07-08 02:09:39'),
(70, '实时计算工程师', '博睿人工智能研究院有限公司', '深圳', '大数据', 12500, 18000, '本科', '1-3年', '["Java","Flink","Kafka","Redis"]', '【岗位职责】负责大数据方向实时计算工程师相关工作，参与需求分析、方案设计与落地实施。【任职要求】本科及以上学历，工作经验1-3年；熟悉 Java、Flink、Kafka 等技术/工具；具备良好的学习能力与团队协作意识。', '2026-07-05', 'MOCK', 'https://mock.occupation.dev/jobs/70', NULL, '2026-07-08 02:10:00'),
(71, '工业软件开发工程师', '联达自动化技术有限公司', '武汉', '智能制造', 7000, 10500, '硕士', '经验不限', '["Java","MySQL","Linux","Git"]', '【岗位职责】负责智能制造方向工业软件开发工程师相关工作，参与需求分析、方案设计与落地实施。【任职要求】硕士及以上学历，经验不限；熟悉 Java、MySQL、Linux 等技术/工具；具备良好的学习能力与团队协作意识。', '2026-07-05', 'MOCK', 'https://mock.occupation.dev/jobs/71', NULL, '2026-07-08 02:11:13'),
(72, '实时计算工程师', '联达自动化技术有限公司', '深圳', '大数据', 24500, 36000, '本科', '5-10年', '["Java","Flink","Kafka","Redis"]', '【岗位职责】负责大数据方向实时计算工程师相关工作，参与需求分析、方案设计与落地实施。【任职要求】本科及以上学历，工作经验5-10年；熟悉 Java、Flink、Kafka 等技术/工具；具备良好的学习能力与团队协作意识。', '2026-07-02', 'MOCK', 'https://mock.occupation.dev/jobs/72', NULL, '2026-07-05 02:11:59'),
(73, '课程研发工程师', '汇通证券数据服务有限公司', '广州', '教育', 7000, 10000, '专科', '1-3年', '["Java","Vue","MySQL","团队协作"]', '【岗位职责】负责教育方向课程研发工程师相关工作，参与需求分析、方案设计与落地实施。【任职要求】专科及以上学历，工作经验1-3年；熟悉 Java、Vue、MySQL 等技术/工具；具备良好的学习能力与团队协作意识。', '2026-07-04', 'MOCK', 'https://mock.occupation.dev/jobs/73', NULL, '2026-07-08 02:11:55'),
(74, '测试开发工程师', '博睿人工智能研究院有限公司', '北京', '互联网/IT', 13000, 19500, '本科', '3-5年', '["Python","Selenium","Linux","MySQL","团队协作"]', '【岗位职责】负责互联网/IT方向测试开发工程师相关工作，参与需求分析、方案设计与落地实施。【任职要求】本科及以上学历，工作经验3-5年；熟悉 Python、Selenium、Linux 等技术/工具；具备良好的学习能力与团队协作意识。', '2026-07-01', 'MOCK', 'https://mock.occupation.dev/jobs/74', NULL, '2026-07-08 02:12:16'),
(75, '计算机视觉工程师', '康桥医疗信息科技有限公司', '深圳', '人工智能', 18500, 27500, '本科', '3-5年', '["Python","计算机视觉","深度学习","TensorFlow"]', '【岗位职责】负责人工智能方向计算机视觉工程师相关工作，参与需求分析、方案设计与落地实施。【任职要求】本科及以上学历，工作经验3-5年；熟悉 Python、计算机视觉、深度学习 等技术/工具；具备良好的学习能力与团队协作意识。', '2026-07-02', 'MOCK', 'https://mock.occupation.dev/jobs/75', NULL, '2026-07-08 02:12:46'),
(76, '计算机视觉工程师', '数联云图大数据有限公司', '苏州', '人工智能', 11500, 17000, '本科', '1-3年', '["Python","计算机视觉","深度学习","TensorFlow"]', '【岗位职责】负责人工智能方向计算机视觉工程师相关工作，参与需求分析、方案设计与落地实施。【任职要求】本科及以上学历，工作经验1-3年；熟悉 Python、计算机视觉、深度学习 等技术/工具；具备良好的学习能力与团队协作意识。', '2026-07-02', 'MOCK', 'https://mock.occupation.dev/jobs/76', NULL, '2026-07-05 02:12:38'),
(77, '测试开发工程师', '金桥融信金融服务有限公司', '北京', '互联网/IT', 18000, 27000, '本科', '5-10年', '["Python","Selenium","Linux","MySQL","沟通能力"]', '【岗位职责】负责互联网/IT方向测试开发工程师相关工作，参与需求分析、方案设计与落地实施。【任职要求】本科及以上学历，工作经验5-10年；熟悉 Python、Selenium、Linux 等技术/工具；具备良好的学习能力与团队协作意识。', '2026-07-02', 'MOCK', 'https://mock.occupation.dev/jobs/77', NULL, '2026-07-08 02:13:17'),
(78, '用户增长运营', '数联云图大数据有限公司', '杭州', '电子商务', 7500, 11000, '本科', '1-3年', '["用户运营","数据分析","文案策划"]', '【岗位职责】负责电子商务方向用户增长运营相关工作，参与需求分析、方案设计与落地实施。【任职要求】本科及以上学历，工作经验1-3年；熟悉 用户运营、数据分析、文案策划 等技术/工具；具备良好的学习能力与团队协作意识。', '2026-07-02', 'MOCK', 'https://mock.occupation.dev/jobs/78', NULL, '2026-07-05 02:13:18'),
(79, 'NLP算法工程师', '博睿人工智能研究院有限公司', '北京', '人工智能', 11000, 16500, '本科', '应届生', '["Python","深度学习","NLP","PyTorch"]', '【岗位职责】负责人工智能方向NLP算法工程师相关工作，参与需求分析、方案设计与落地实施。【任职要求】本科及以上学历，工作经验应届生；熟悉 Python、深度学习、NLP 等技术/工具；具备良好的学习能力与团队协作意识。', '2026-07-05', 'MOCK', 'https://mock.occupation.dev/jobs/79', NULL, '2026-07-08 02:13:57'),
(80, '大数据开发工程师', '数联云图大数据有限公司', '南京', '大数据', 8500, 12500, '本科', '应届生', '["Java","Spark","Hadoop","Hive"]', '【岗位职责】负责大数据方向大数据开发工程师相关工作，参与需求分析、方案设计与落地实施。【任职要求】本科及以上学历，工作经验应届生；熟悉 Java、Spark、Hadoop 等技术/工具；具备良好的学习能力与团队协作意识。', '2026-07-08', 'MOCK', 'https://mock.occupation.dev/jobs/80', NULL, '2026-07-08 02:14:18'),
(81, '嵌入式软件工程师', '知行在线教育科技有限公司', '广州', '智能制造', 6500, 9500, '本科', '应届生', '["C++","Linux","单片机"]', '【岗位职责】负责智能制造方向嵌入式软件工程师相关工作，参与需求分析、方案设计与落地实施。【任职要求】本科及以上学历，工作经验应届生；熟悉 C++、Linux、单片机 等技术/工具；具备良好的学习能力与团队协作意识。', '2026-07-06', 'MOCK', 'https://mock.occupation.dev/jobs/81', NULL, '2026-07-08 02:15:13'),
(82, '游戏数值策划', '乐游互动娱乐有限公司', '上海', '游戏', 7500, 10500, '本科', '应届生', '["Excel","数据分析","数理统计","沟通能力"]', '【岗位职责】负责游戏方向游戏数值策划相关工作，参与需求分析、方案设计与落地实施。【任职要求】本科及以上学历，工作经验应届生；熟悉 Excel、数据分析、数理统计 等技术/工具；具备良好的学习能力与团队协作意识。', '2026-07-07', 'MOCK', 'https://mock.occupation.dev/jobs/82', NULL, '2026-07-08 02:16:15'),
(83, 'NLP算法工程师', '星辉游戏开发有限公司', '广州', '人工智能', 11500, 17000, '本科', '经验不限', '["Python","深度学习","NLP","PyTorch","Git"]', '【岗位职责】负责人工智能方向NLP算法工程师相关工作，参与需求分析、方案设计与落地实施。【任职要求】本科及以上学历，经验不限；熟悉 Python、深度学习、NLP 等技术/工具；具备良好的学习能力与团队协作意识。', '2026-07-07', 'MOCK', 'https://mock.occupation.dev/jobs/83', NULL, '2026-07-08 02:16:09'),
(84, '量化研究员', '天翼软件股份有限公司', '北京', '金融', 41500, 61500, '硕士', '5-10年', '["Python","C++","机器学习","数理统计"]', '【岗位职责】负责金融方向量化研究员相关工作，参与需求分析、方案设计与落地实施。【任职要求】硕士及以上学历，工作经验5-10年；熟悉 Python、C++、机器学习 等技术/工具；具备良好的学习能力与团队协作意识。', '2026-07-03', 'MOCK', 'https://mock.occupation.dev/jobs/84', NULL, '2026-07-08 02:17:01'),
(85, '后端开发工程师', '汇通证券数据服务有限公司', '成都', '互联网/IT', 11500, 17000, '硕士', '1-3年', '["Java","MySQL","Redis","分布式","Linux","团队协作"]', '【岗位职责】负责互联网/IT方向后端开发工程师相关工作，参与需求分析、方案设计与落地实施。【任职要求】硕士及以上学历，工作经验1-3年；熟悉 Java、MySQL、Redis 等技术/工具；具备良好的学习能力与团队协作意识。', '2026-07-01', 'MOCK', 'https://mock.occupation.dev/jobs/85', NULL, '2026-07-05 02:14:19'),
(86, '自动化测试工程师', '星辉游戏开发有限公司', '成都', '智能制造', 7000, 10500, '本科', '1-3年', '["Python","Linux","Selenium"]', '【岗位职责】负责智能制造方向自动化测试工程师相关工作，参与需求分析、方案设计与落地实施。【任职要求】本科及以上学历，工作经验1-3年；熟悉 Python、Linux、Selenium 等技术/工具；具备良好的学习能力与团队协作意识。', '2026-07-02', 'MOCK', 'https://mock.occupation.dev/jobs/86', NULL, '2026-07-08 02:17:56'),
(87, '运维开发工程师', '天翼软件股份有限公司', '深圳', '互联网/IT', 7000, 10000, '不限', '应届生', '["Linux","Docker","Kubernetes","Python"]', '【岗位职责】负责互联网/IT方向运维开发工程师相关工作，参与需求分析、方案设计与落地实施。【任职要求】学历不限，工作经验应届生；熟悉 Linux、Docker、Kubernetes 等技术/工具；具备良好的学习能力与团队协作意识。', '2026-07-03', 'MOCK', 'https://mock.occupation.dev/jobs/87', NULL, '2026-07-08 02:18:29'),
(88, '全栈开发工程师', '博睿人工智能研究院有限公司', '上海', '互联网/IT', 9000, 13000, '专科', '经验不限', '["JavaScript","Vue","Java","MySQL"]', '【岗位职责】负责互联网/IT方向全栈开发工程师相关工作，参与需求分析、方案设计与落地实施。【任职要求】专科及以上学历，经验不限；熟悉 JavaScript、Vue、Java 等技术/工具；具备良好的学习能力与团队协作意识。', '2026-07-07', 'MOCK', 'https://mock.occupation.dev/jobs/88', NULL, '2026-07-08 02:19:15'),
(89, '用户增长运营', '芯联半导体科技有限公司', '深圳', '电子商务', 6500, 9500, '本科', '经验不限', '["用户运营","数据分析","文案策划"]', '【岗位职责】负责电子商务方向用户增长运营相关工作，参与需求分析、方案设计与落地实施。【任职要求】本科及以上学历，经验不限；熟悉 用户运营、数据分析、文案策划 等技术/工具；具备良好的学习能力与团队协作意识。', '2026-07-05', 'MOCK', 'https://mock.occupation.dev/jobs/89', NULL, '2026-07-08 02:19:23'),
(90, '前端开发工程师', '天翼软件股份有限公司', '武汉', '互联网/IT', 5000, 7500, '不限', '经验不限', '["JavaScript","Vue","CSS","TypeScript","团队协作"]', '【岗位职责】负责互联网/IT方向前端开发工程师相关工作，参与需求分析、方案设计与落地实施。【任职要求】学历不限，经验不限；熟悉 JavaScript、Vue、CSS 等技术/工具；具备良好的学习能力与团队协作意识。', '2026-07-06', 'MOCK', 'https://mock.occupation.dev/jobs/90', NULL, '2026-07-08 02:20:28'),
(91, 'Java开发工程师（校招）', '云聘互联科技有限公司', '杭州', '互联网/IT', 8000, 11500, '本科', '应届生', '["Java","Spring Boot","MySQL"]', '【企业直招】云聘互联科技有限公司招聘Java开发工程师（校招），工作地点杭州。要求掌握 Java、Spring Boot、MySQL，本科及以上学历。通过本平台发布，欢迎在校学生投递。', '2026-07-08', 'HR_PUBLISH', NULL, 4, '2026-07-08 19:30:00'),
(92, '前端开发实习生', '云聘互联科技有限公司', '杭州', '互联网/IT', 4500, 6500, '不限', '应届生', '["JavaScript","Vue","CSS"]', '【企业直招】云聘互联科技有限公司招聘前端开发实习生，工作地点杭州。要求掌握 JavaScript、Vue、CSS，学历不限。通过本平台发布，欢迎在校学生投递。', '2026-07-04', 'HR_PUBLISH', NULL, 19, '2026-07-04 19:30:00'),
(93, '大数据平台研发工程师', '云聘互联科技有限公司', '上海', '大数据', 13000, 19000, '本科', '3-5年', '["Java","Spark","Kafka","Hive"]', '【企业直招】云聘互联科技有限公司招聘大数据平台研发工程师，工作地点上海。要求掌握 Java、Spark、Kafka、Hive，本科及以上学历。通过本平台发布，欢迎在校学生投递。', '2026-06-24', 'HR_PUBLISH', NULL, 4, '2026-06-24 19:30:00'),
(94, '在线课程产品经理', '智汇未来教育科技有限公司', '北京', '教育', 9000, 13000, '本科', '1-3年', '["产品设计","数据分析","项目管理"]', '【企业直招】智汇未来教育科技有限公司招聘在线课程产品经理，工作地点北京。要求掌握 产品设计、数据分析、项目管理，本科及以上学历。通过本平台发布，欢迎在校学生投递。', '2026-06-18', 'HR_PUBLISH', NULL, 20, '2026-06-18 19:30:00'),
(95, '教学数据分析师（校招）', '智汇未来教育科技有限公司', '北京', '教育', 7500, 11000, '本科', '应届生', '["SQL","Python","数据分析"]', '【企业直招】智汇未来教育科技有限公司招聘教学数据分析师（校招），工作地点北京。要求掌握 SQL、Python、数据分析，本科及以上学历。通过本平台发布，欢迎在校学生投递。', '2026-07-02', 'HR_PUBLISH', NULL, 20, '2026-07-02 19:30:00'),
(96, 'AI课程算法工程师', '智汇未来教育科技有限公司', '北京', '人工智能', 13000, 18500, '硕士', '1-3年', '["Python","机器学习","NLP"]', '【企业直招】智汇未来教育科技有限公司招聘AI课程算法工程师，工作地点北京。要求掌握 Python、机器学习、NLP，硕士及以上学历。通过本平台发布，欢迎在校学生投递。', '2026-06-17', 'HR_PUBLISH', NULL, 20, '2026-06-17 19:30:00');

-- ---------- 分析结果（口径与 AnalysisJobServiceImpl 一致：avg_salary = AVG((min+max)/2)；两租户各一份）----------
INSERT INTO analysis_result (id, tenant_id, dimension, dimension_value, metric_name, metric_value, period_type, period_value, calc_time) VALUES
(1, 1, 'industry', '大数据', 'job_count', 16, 'MONTH', '2026-07', '2026-07-09 08:00:00'),
(2, 1, 'industry', '大数据', 'avg_salary', 16390.63, 'MONTH', '2026-07', '2026-07-09 08:00:00'),
(3, 1, 'industry', '互联网/IT', 'job_count', 30, 'MONTH', '2026-07', '2026-07-09 08:00:00'),
(4, 1, 'industry', '互联网/IT', 'avg_salary', 13250, 'MONTH', '2026-07', '2026-07-09 08:00:00'),
(5, 1, 'industry', '智能制造', 'job_count', 9, 'MONTH', '2026-07', '2026-07-09 08:00:00'),
(6, 1, 'industry', '智能制造', 'avg_salary', 10111.11, 'MONTH', '2026-07', '2026-07-09 08:00:00'),
(7, 1, 'industry', '电子商务', 'job_count', 10, 'MONTH', '2026-07', '2026-07-09 08:00:00'),
(8, 1, 'industry', '电子商务', 'avg_salary', 11500, 'MONTH', '2026-07', '2026-07-09 08:00:00'),
(9, 1, 'industry', '教育', 'job_count', 6, 'MONTH', '2026-07', '2026-07-09 08:00:00'),
(10, 1, 'industry', '教育', 'avg_salary', 9958.33, 'MONTH', '2026-07', '2026-07-09 08:00:00'),
(11, 1, 'industry', '游戏', 'job_count', 7, 'MONTH', '2026-07', '2026-07-09 08:00:00'),
(12, 1, 'industry', '游戏', 'avg_salary', 14214.29, 'MONTH', '2026-07', '2026-07-09 08:00:00'),
(13, 1, 'industry', '金融', 'job_count', 6, 'MONTH', '2026-07', '2026-07-09 08:00:00'),
(14, 1, 'industry', '金融', 'avg_salary', 19583.33, 'MONTH', '2026-07', '2026-07-09 08:00:00'),
(15, 1, 'industry', '人工智能', 'job_count', 12, 'MONTH', '2026-07', '2026-07-09 08:00:00'),
(16, 1, 'industry', '人工智能', 'avg_salary', 16187.5, 'MONTH', '2026-07', '2026-07-09 08:00:00'),
(17, 1, 'city', '成都', 'job_count', 6, 'MONTH', '2026-07', '2026-07-09 08:00:00'),
(18, 1, 'city', '成都', 'avg_salary', 12041.67, 'MONTH', '2026-07', '2026-07-09 08:00:00'),
(19, 1, 'city', '武汉', 'job_count', 9, 'MONTH', '2026-07', '2026-07-09 08:00:00'),
(20, 1, 'city', '武汉', 'avg_salary', 8833.33, 'MONTH', '2026-07', '2026-07-09 08:00:00'),
(21, 1, 'city', '北京', 'job_count', 21, 'MONTH', '2026-07', '2026-07-09 08:00:00'),
(22, 1, 'city', '北京', 'avg_salary', 18809.52, 'MONTH', '2026-07', '2026-07-09 08:00:00'),
(23, 1, 'city', '深圳', 'job_count', 14, 'MONTH', '2026-07', '2026-07-09 08:00:00'),
(24, 1, 'city', '深圳', 'avg_salary', 15678.57, 'MONTH', '2026-07', '2026-07-09 08:00:00'),
(25, 1, 'city', '上海', 'job_count', 14, 'MONTH', '2026-07', '2026-07-09 08:00:00'),
(26, 1, 'city', '上海', 'avg_salary', 15000, 'MONTH', '2026-07', '2026-07-09 08:00:00'),
(27, 1, 'city', '西安', 'job_count', 3, 'MONTH', '2026-07', '2026-07-09 08:00:00'),
(28, 1, 'city', '西安', 'avg_salary', 12250, 'MONTH', '2026-07', '2026-07-09 08:00:00'),
(29, 1, 'city', '苏州', 'job_count', 4, 'MONTH', '2026-07', '2026-07-09 08:00:00'),
(30, 1, 'city', '苏州', 'avg_salary', 9750, 'MONTH', '2026-07', '2026-07-09 08:00:00'),
(31, 1, 'city', '杭州', 'job_count', 12, 'MONTH', '2026-07', '2026-07-09 08:00:00'),
(32, 1, 'city', '杭州', 'avg_salary', 10812.5, 'MONTH', '2026-07', '2026-07-09 08:00:00'),
(33, 1, 'city', '南京', 'job_count', 5, 'MONTH', '2026-07', '2026-07-09 08:00:00'),
(34, 1, 'city', '南京', 'avg_salary', 14950, 'MONTH', '2026-07', '2026-07-09 08:00:00'),
(35, 1, 'city', '广州', 'job_count', 8, 'MONTH', '2026-07', '2026-07-09 08:00:00'),
(36, 1, 'city', '广州', 'avg_salary', 10031.25, 'MONTH', '2026-07', '2026-07-09 08:00:00'),
(37, 1, 'education', '本科', 'job_count', 62, 'MONTH', '2026-07', '2026-07-09 08:00:00'),
(38, 1, 'education', '本科', 'avg_salary', 13407.26, 'MONTH', '2026-07', '2026-07-09 08:00:00'),
(39, 1, 'education', '硕士', 'job_count', 17, 'MONTH', '2026-07', '2026-07-09 08:00:00'),
(40, 1, 'education', '硕士', 'avg_salary', 18632.35, 'MONTH', '2026-07', '2026-07-09 08:00:00'),
(41, 1, 'education', '不限', 'job_count', 10, 'MONTH', '2026-07', '2026-07-09 08:00:00'),
(42, 1, 'education', '不限', 'avg_salary', 11125, 'MONTH', '2026-07', '2026-07-09 08:00:00'),
(43, 1, 'education', '专科', 'job_count', 6, 'MONTH', '2026-07', '2026-07-09 08:00:00'),
(44, 1, 'education', '专科', 'avg_salary', 10541.67, 'MONTH', '2026-07', '2026-07-09 08:00:00'),
(45, 1, 'education', '博士', 'job_count', 1, 'MONTH', '2026-07', '2026-07-09 08:00:00'),
(46, 1, 'education', '博士', 'avg_salary', 14250, 'MONTH', '2026-07', '2026-07-09 08:00:00'),
(47, 1, 'skill', 'Python', 'job_count', 33, 'MONTH', '2026-07', '2026-07-09 08:00:00'),
(48, 1, 'skill', 'Java', 'job_count', 27, 'MONTH', '2026-07', '2026-07-09 08:00:00'),
(49, 1, 'skill', 'MySQL', 'job_count', 27, 'MONTH', '2026-07', '2026-07-09 08:00:00'),
(50, 1, 'skill', 'Linux', 'job_count', 27, 'MONTH', '2026-07', '2026-07-09 08:00:00'),
(51, 1, 'skill', 'Redis', 'job_count', 23, 'MONTH', '2026-07', '2026-07-09 08:00:00'),
(52, 1, 'skill', '数据分析', 'job_count', 23, 'MONTH', '2026-07', '2026-07-09 08:00:00'),
(53, 1, 'skill', 'SQL', 'job_count', 18, 'MONTH', '2026-07', '2026-07-09 08:00:00'),
(54, 1, 'skill', '沟通能力', 'job_count', 11, 'MONTH', '2026-07', '2026-07-09 08:00:00'),
(55, 1, 'skill', '机器学习', 'job_count', 11, 'MONTH', '2026-07', '2026-07-09 08:00:00'),
(56, 1, 'skill', '分布式', 'job_count', 10, 'MONTH', '2026-07', '2026-07-09 08:00:00'),
(57, 1, 'skill', 'Excel', 'job_count', 9, 'MONTH', '2026-07', '2026-07-09 08:00:00'),
(58, 1, 'skill', '用户运营', 'job_count', 9, 'MONTH', '2026-07', '2026-07-09 08:00:00'),
(59, 1, 'skill', 'Vue', 'job_count', 9, 'MONTH', '2026-07', '2026-07-09 08:00:00'),
(60, 1, 'skill', 'Hive', 'job_count', 8, 'MONTH', '2026-07', '2026-07-09 08:00:00'),
(61, 1, 'skill', 'Spark', 'job_count', 8, 'MONTH', '2026-07', '2026-07-09 08:00:00'),
(62, 1, 'skill', '团队协作', 'job_count', 8, 'MONTH', '2026-07', '2026-07-09 08:00:00'),
(63, 1, 'skill', 'Selenium', 'job_count', 8, 'MONTH', '2026-07', '2026-07-09 08:00:00'),
(64, 1, 'skill', 'Go', 'job_count', 8, 'MONTH', '2026-07', '2026-07-09 08:00:00'),
(65, 1, 'skill', 'JavaScript', 'job_count', 8, 'MONTH', '2026-07', '2026-07-09 08:00:00'),
(66, 1, 'skill', 'Git', 'job_count', 8, 'MONTH', '2026-07', '2026-07-09 08:00:00'),
(67, 1, 'skill', 'Kafka', 'job_count', 8, 'MONTH', '2026-07', '2026-07-09 08:00:00'),
(68, 1, 'skill', 'C++', 'job_count', 7, 'MONTH', '2026-07', '2026-07-09 08:00:00'),
(69, 1, 'skill', 'Flink', 'job_count', 7, 'MONTH', '2026-07', '2026-07-09 08:00:00'),
(70, 1, 'skill', '微服务', 'job_count', 6, 'MONTH', '2026-07', '2026-07-09 08:00:00'),
(71, 1, 'skill', 'CSS', 'job_count', 6, 'MONTH', '2026-07', '2026-07-09 08:00:00'),
(72, 1, 'skill', '深度学习', 'job_count', 6, 'MONTH', '2026-07', '2026-07-09 08:00:00'),
(73, 1, 'skill', 'Docker', 'job_count', 5, 'MONTH', '2026-07', '2026-07-09 08:00:00'),
(74, 1, 'skill', 'Kubernetes', 'job_count', 5, 'MONTH', '2026-07', '2026-07-09 08:00:00'),
(75, 1, 'skill', '文案策划', 'job_count', 5, 'MONTH', '2026-07', '2026-07-09 08:00:00'),
(76, 1, 'skill', 'TypeScript', 'job_count', 5, 'MONTH', '2026-07', '2026-07-09 08:00:00'),
(77, 1, 'skill', 'PyTorch', 'job_count', 5, 'MONTH', '2026-07', '2026-07-09 08:00:00'),
(78, 1, 'skill', 'Hadoop', 'job_count', 4, 'MONTH', '2026-07', '2026-07-09 08:00:00'),
(79, 1, 'skill', '数据结构', 'job_count', 4, 'MONTH', '2026-07', '2026-07-09 08:00:00'),
(80, 1, 'skill', 'NLP', 'job_count', 4, 'MONTH', '2026-07', '2026-07-09 08:00:00'),
(81, 1, 'skill', '数据建模', 'job_count', 3, 'MONTH', '2026-07', '2026-07-09 08:00:00'),
(82, 1, 'skill', '产品设计', 'job_count', 3, 'MONTH', '2026-07', '2026-07-09 08:00:00'),
(83, 1, 'skill', '项目管理', 'job_count', 3, 'MONTH', '2026-07', '2026-07-09 08:00:00'),
(84, 1, 'skill', 'Spring Boot', 'job_count', 3, 'MONTH', '2026-07', '2026-07-09 08:00:00'),
(85, 1, 'skill', '数理统计', 'job_count', 3, 'MONTH', '2026-07', '2026-07-09 08:00:00'),
(86, 1, 'skill', '计算机视觉', 'job_count', 3, 'MONTH', '2026-07', '2026-07-09 08:00:00'),
(87, 1, 'skill', 'TensorFlow', 'job_count', 3, 'MONTH', '2026-07', '2026-07-09 08:00:00'),
(88, 1, 'skill', '单片机', 'job_count', 2, 'MONTH', '2026-07', '2026-07-09 08:00:00'),
(89, 1, 'skill', 'Unity', 'job_count', 1, 'MONTH', '2026-07', '2026-07-09 08:00:00'),
(90, 1, 'skill', 'Axure', 'job_count', 1, 'MONTH', '2026-07', '2026-07-09 08:00:00'),
(91, 1, 'skill', 'Tableau', 'job_count', 1, 'MONTH', '2026-07', '2026-07-09 08:00:00'),
(92, 1, 'trend', '2026-02', 'job_count', 8, 'MONTH', '2026-02', '2026-07-09 08:00:00'),
(93, 1, 'trend', '2026-02', 'avg_salary', 10093.75, 'MONTH', '2026-02', '2026-07-09 08:00:00'),
(94, 1, 'trend', '2026-03', 'job_count', 10, 'MONTH', '2026-03', '2026-07-09 08:00:00'),
(95, 1, 'trend', '2026-03', 'avg_salary', 15000, 'MONTH', '2026-03', '2026-07-09 08:00:00'),
(96, 1, 'trend', '2026-04', 'job_count', 13, 'MONTH', '2026-04', '2026-07-09 08:00:00'),
(97, 1, 'trend', '2026-04', 'avg_salary', 13538.46, 'MONTH', '2026-04', '2026-07-09 08:00:00'),
(98, 1, 'trend', '2026-05', 'job_count', 16, 'MONTH', '2026-05', '2026-07-09 08:00:00'),
(99, 1, 'trend', '2026-05', 'avg_salary', 15218.75, 'MONTH', '2026-05', '2026-07-09 08:00:00'),
(100, 1, 'trend', '2026-06', 'job_count', 24, 'MONTH', '2026-06', '2026-07-09 08:00:00'),
(101, 1, 'trend', '2026-06', 'avg_salary', 14000, 'MONTH', '2026-06', '2026-07-09 08:00:00'),
(102, 1, 'trend', '2026-07', 'job_count', 25, 'MONTH', '2026-07', '2026-07-09 08:00:00'),
(103, 1, 'trend', '2026-07', 'avg_salary', 14020, 'MONTH', '2026-07', '2026-07-09 08:00:00'),
(104, 2, 'industry', '大数据', 'job_count', 16, 'MONTH', '2026-07', '2026-07-09 08:00:00'),
(105, 2, 'industry', '大数据', 'avg_salary', 16390.63, 'MONTH', '2026-07', '2026-07-09 08:00:00'),
(106, 2, 'industry', '互联网/IT', 'job_count', 30, 'MONTH', '2026-07', '2026-07-09 08:00:00'),
(107, 2, 'industry', '互联网/IT', 'avg_salary', 13250, 'MONTH', '2026-07', '2026-07-09 08:00:00'),
(108, 2, 'industry', '智能制造', 'job_count', 9, 'MONTH', '2026-07', '2026-07-09 08:00:00'),
(109, 2, 'industry', '智能制造', 'avg_salary', 10111.11, 'MONTH', '2026-07', '2026-07-09 08:00:00'),
(110, 2, 'industry', '电子商务', 'job_count', 10, 'MONTH', '2026-07', '2026-07-09 08:00:00'),
(111, 2, 'industry', '电子商务', 'avg_salary', 11500, 'MONTH', '2026-07', '2026-07-09 08:00:00'),
(112, 2, 'industry', '教育', 'job_count', 6, 'MONTH', '2026-07', '2026-07-09 08:00:00'),
(113, 2, 'industry', '教育', 'avg_salary', 9958.33, 'MONTH', '2026-07', '2026-07-09 08:00:00'),
(114, 2, 'industry', '游戏', 'job_count', 7, 'MONTH', '2026-07', '2026-07-09 08:00:00'),
(115, 2, 'industry', '游戏', 'avg_salary', 14214.29, 'MONTH', '2026-07', '2026-07-09 08:00:00'),
(116, 2, 'industry', '金融', 'job_count', 6, 'MONTH', '2026-07', '2026-07-09 08:00:00'),
(117, 2, 'industry', '金融', 'avg_salary', 19583.33, 'MONTH', '2026-07', '2026-07-09 08:00:00'),
(118, 2, 'industry', '人工智能', 'job_count', 12, 'MONTH', '2026-07', '2026-07-09 08:00:00'),
(119, 2, 'industry', '人工智能', 'avg_salary', 16187.5, 'MONTH', '2026-07', '2026-07-09 08:00:00'),
(120, 2, 'city', '成都', 'job_count', 6, 'MONTH', '2026-07', '2026-07-09 08:00:00'),
(121, 2, 'city', '成都', 'avg_salary', 12041.67, 'MONTH', '2026-07', '2026-07-09 08:00:00'),
(122, 2, 'city', '武汉', 'job_count', 9, 'MONTH', '2026-07', '2026-07-09 08:00:00'),
(123, 2, 'city', '武汉', 'avg_salary', 8833.33, 'MONTH', '2026-07', '2026-07-09 08:00:00'),
(124, 2, 'city', '北京', 'job_count', 21, 'MONTH', '2026-07', '2026-07-09 08:00:00'),
(125, 2, 'city', '北京', 'avg_salary', 18809.52, 'MONTH', '2026-07', '2026-07-09 08:00:00'),
(126, 2, 'city', '深圳', 'job_count', 14, 'MONTH', '2026-07', '2026-07-09 08:00:00'),
(127, 2, 'city', '深圳', 'avg_salary', 15678.57, 'MONTH', '2026-07', '2026-07-09 08:00:00'),
(128, 2, 'city', '上海', 'job_count', 14, 'MONTH', '2026-07', '2026-07-09 08:00:00'),
(129, 2, 'city', '上海', 'avg_salary', 15000, 'MONTH', '2026-07', '2026-07-09 08:00:00'),
(130, 2, 'city', '西安', 'job_count', 3, 'MONTH', '2026-07', '2026-07-09 08:00:00'),
(131, 2, 'city', '西安', 'avg_salary', 12250, 'MONTH', '2026-07', '2026-07-09 08:00:00'),
(132, 2, 'city', '苏州', 'job_count', 4, 'MONTH', '2026-07', '2026-07-09 08:00:00'),
(133, 2, 'city', '苏州', 'avg_salary', 9750, 'MONTH', '2026-07', '2026-07-09 08:00:00'),
(134, 2, 'city', '杭州', 'job_count', 12, 'MONTH', '2026-07', '2026-07-09 08:00:00'),
(135, 2, 'city', '杭州', 'avg_salary', 10812.5, 'MONTH', '2026-07', '2026-07-09 08:00:00'),
(136, 2, 'city', '南京', 'job_count', 5, 'MONTH', '2026-07', '2026-07-09 08:00:00'),
(137, 2, 'city', '南京', 'avg_salary', 14950, 'MONTH', '2026-07', '2026-07-09 08:00:00'),
(138, 2, 'city', '广州', 'job_count', 8, 'MONTH', '2026-07', '2026-07-09 08:00:00'),
(139, 2, 'city', '广州', 'avg_salary', 10031.25, 'MONTH', '2026-07', '2026-07-09 08:00:00'),
(140, 2, 'education', '本科', 'job_count', 62, 'MONTH', '2026-07', '2026-07-09 08:00:00'),
(141, 2, 'education', '本科', 'avg_salary', 13407.26, 'MONTH', '2026-07', '2026-07-09 08:00:00'),
(142, 2, 'education', '硕士', 'job_count', 17, 'MONTH', '2026-07', '2026-07-09 08:00:00'),
(143, 2, 'education', '硕士', 'avg_salary', 18632.35, 'MONTH', '2026-07', '2026-07-09 08:00:00'),
(144, 2, 'education', '不限', 'job_count', 10, 'MONTH', '2026-07', '2026-07-09 08:00:00'),
(145, 2, 'education', '不限', 'avg_salary', 11125, 'MONTH', '2026-07', '2026-07-09 08:00:00'),
(146, 2, 'education', '专科', 'job_count', 6, 'MONTH', '2026-07', '2026-07-09 08:00:00'),
(147, 2, 'education', '专科', 'avg_salary', 10541.67, 'MONTH', '2026-07', '2026-07-09 08:00:00'),
(148, 2, 'education', '博士', 'job_count', 1, 'MONTH', '2026-07', '2026-07-09 08:00:00'),
(149, 2, 'education', '博士', 'avg_salary', 14250, 'MONTH', '2026-07', '2026-07-09 08:00:00'),
(150, 2, 'skill', 'Python', 'job_count', 33, 'MONTH', '2026-07', '2026-07-09 08:00:00'),
(151, 2, 'skill', 'Java', 'job_count', 27, 'MONTH', '2026-07', '2026-07-09 08:00:00'),
(152, 2, 'skill', 'MySQL', 'job_count', 27, 'MONTH', '2026-07', '2026-07-09 08:00:00'),
(153, 2, 'skill', 'Linux', 'job_count', 27, 'MONTH', '2026-07', '2026-07-09 08:00:00'),
(154, 2, 'skill', 'Redis', 'job_count', 23, 'MONTH', '2026-07', '2026-07-09 08:00:00'),
(155, 2, 'skill', '数据分析', 'job_count', 23, 'MONTH', '2026-07', '2026-07-09 08:00:00'),
(156, 2, 'skill', 'SQL', 'job_count', 18, 'MONTH', '2026-07', '2026-07-09 08:00:00'),
(157, 2, 'skill', '沟通能力', 'job_count', 11, 'MONTH', '2026-07', '2026-07-09 08:00:00'),
(158, 2, 'skill', '机器学习', 'job_count', 11, 'MONTH', '2026-07', '2026-07-09 08:00:00'),
(159, 2, 'skill', '分布式', 'job_count', 10, 'MONTH', '2026-07', '2026-07-09 08:00:00'),
(160, 2, 'skill', 'Excel', 'job_count', 9, 'MONTH', '2026-07', '2026-07-09 08:00:00'),
(161, 2, 'skill', '用户运营', 'job_count', 9, 'MONTH', '2026-07', '2026-07-09 08:00:00'),
(162, 2, 'skill', 'Vue', 'job_count', 9, 'MONTH', '2026-07', '2026-07-09 08:00:00'),
(163, 2, 'skill', 'Hive', 'job_count', 8, 'MONTH', '2026-07', '2026-07-09 08:00:00'),
(164, 2, 'skill', 'Spark', 'job_count', 8, 'MONTH', '2026-07', '2026-07-09 08:00:00'),
(165, 2, 'skill', '团队协作', 'job_count', 8, 'MONTH', '2026-07', '2026-07-09 08:00:00'),
(166, 2, 'skill', 'Selenium', 'job_count', 8, 'MONTH', '2026-07', '2026-07-09 08:00:00'),
(167, 2, 'skill', 'Go', 'job_count', 8, 'MONTH', '2026-07', '2026-07-09 08:00:00'),
(168, 2, 'skill', 'JavaScript', 'job_count', 8, 'MONTH', '2026-07', '2026-07-09 08:00:00'),
(169, 2, 'skill', 'Git', 'job_count', 8, 'MONTH', '2026-07', '2026-07-09 08:00:00'),
(170, 2, 'skill', 'Kafka', 'job_count', 8, 'MONTH', '2026-07', '2026-07-09 08:00:00'),
(171, 2, 'skill', 'C++', 'job_count', 7, 'MONTH', '2026-07', '2026-07-09 08:00:00'),
(172, 2, 'skill', 'Flink', 'job_count', 7, 'MONTH', '2026-07', '2026-07-09 08:00:00'),
(173, 2, 'skill', '微服务', 'job_count', 6, 'MONTH', '2026-07', '2026-07-09 08:00:00'),
(174, 2, 'skill', 'CSS', 'job_count', 6, 'MONTH', '2026-07', '2026-07-09 08:00:00'),
(175, 2, 'skill', '深度学习', 'job_count', 6, 'MONTH', '2026-07', '2026-07-09 08:00:00'),
(176, 2, 'skill', 'Docker', 'job_count', 5, 'MONTH', '2026-07', '2026-07-09 08:00:00'),
(177, 2, 'skill', 'Kubernetes', 'job_count', 5, 'MONTH', '2026-07', '2026-07-09 08:00:00'),
(178, 2, 'skill', '文案策划', 'job_count', 5, 'MONTH', '2026-07', '2026-07-09 08:00:00'),
(179, 2, 'skill', 'TypeScript', 'job_count', 5, 'MONTH', '2026-07', '2026-07-09 08:00:00'),
(180, 2, 'skill', 'PyTorch', 'job_count', 5, 'MONTH', '2026-07', '2026-07-09 08:00:00'),
(181, 2, 'skill', 'Hadoop', 'job_count', 4, 'MONTH', '2026-07', '2026-07-09 08:00:00'),
(182, 2, 'skill', '数据结构', 'job_count', 4, 'MONTH', '2026-07', '2026-07-09 08:00:00'),
(183, 2, 'skill', 'NLP', 'job_count', 4, 'MONTH', '2026-07', '2026-07-09 08:00:00'),
(184, 2, 'skill', '数据建模', 'job_count', 3, 'MONTH', '2026-07', '2026-07-09 08:00:00'),
(185, 2, 'skill', '产品设计', 'job_count', 3, 'MONTH', '2026-07', '2026-07-09 08:00:00'),
(186, 2, 'skill', '项目管理', 'job_count', 3, 'MONTH', '2026-07', '2026-07-09 08:00:00'),
(187, 2, 'skill', 'Spring Boot', 'job_count', 3, 'MONTH', '2026-07', '2026-07-09 08:00:00'),
(188, 2, 'skill', '数理统计', 'job_count', 3, 'MONTH', '2026-07', '2026-07-09 08:00:00'),
(189, 2, 'skill', '计算机视觉', 'job_count', 3, 'MONTH', '2026-07', '2026-07-09 08:00:00'),
(190, 2, 'skill', 'TensorFlow', 'job_count', 3, 'MONTH', '2026-07', '2026-07-09 08:00:00'),
(191, 2, 'skill', '单片机', 'job_count', 2, 'MONTH', '2026-07', '2026-07-09 08:00:00'),
(192, 2, 'skill', 'Unity', 'job_count', 1, 'MONTH', '2026-07', '2026-07-09 08:00:00'),
(193, 2, 'skill', 'Axure', 'job_count', 1, 'MONTH', '2026-07', '2026-07-09 08:00:00'),
(194, 2, 'skill', 'Tableau', 'job_count', 1, 'MONTH', '2026-07', '2026-07-09 08:00:00'),
(195, 2, 'trend', '2026-02', 'job_count', 8, 'MONTH', '2026-02', '2026-07-09 08:00:00'),
(196, 2, 'trend', '2026-02', 'avg_salary', 10093.75, 'MONTH', '2026-02', '2026-07-09 08:00:00'),
(197, 2, 'trend', '2026-03', 'job_count', 10, 'MONTH', '2026-03', '2026-07-09 08:00:00'),
(198, 2, 'trend', '2026-03', 'avg_salary', 15000, 'MONTH', '2026-03', '2026-07-09 08:00:00'),
(199, 2, 'trend', '2026-04', 'job_count', 13, 'MONTH', '2026-04', '2026-07-09 08:00:00'),
(200, 2, 'trend', '2026-04', 'avg_salary', 13538.46, 'MONTH', '2026-04', '2026-07-09 08:00:00'),
(201, 2, 'trend', '2026-05', 'job_count', 16, 'MONTH', '2026-05', '2026-07-09 08:00:00'),
(202, 2, 'trend', '2026-05', 'avg_salary', 15218.75, 'MONTH', '2026-05', '2026-07-09 08:00:00'),
(203, 2, 'trend', '2026-06', 'job_count', 24, 'MONTH', '2026-06', '2026-07-09 08:00:00'),
(204, 2, 'trend', '2026-06', 'avg_salary', 14000, 'MONTH', '2026-06', '2026-07-09 08:00:00'),
(205, 2, 'trend', '2026-07', 'job_count', 25, 'MONTH', '2026-07', '2026-07-09 08:00:00'),
(206, 2, 'trend', '2026-07', 'avg_salary', 14020, 'MONTH', '2026-07', '2026-07-09 08:00:00');

-- ---------- 报告模板（content 为 NULL 时走内置默认模板；模板5已禁用）----------
INSERT INTO report_template (id, tenant_id, name, industry, type, template_content, status, deleted, create_time) VALUES
(1, 1, '就业市场月度分析报告', NULL, 'MONTHLY', NULL, 1, 0, '2026-06-20 10:00:00'),
(2, 1, '互联网行业季度专项报告', '互联网/IT', 'QUARTERLY', NULL, 1, 0, '2026-06-22 15:30:00'),
(3, 1, '年度就业质量白皮书', NULL, 'YEARLY', NULL, 1, 0, '2026-06-25 09:00:00'),
(4, 1, '简版摘要报告（自定义模板）', NULL, 'MONTHLY', '<html><head><meta charset="UTF-8"/><style>body{font-family:SimSun,"Microsoft YaHei","WenQuanYi Zen Hei","Noto Sans CJK SC","PingFang SC",sans-serif;padding:24px;}</style></head><body><h1>${title}</h1><p>生成时间：${generateTime}</p><h2>智能摘要</h2><p>${aiSummary}</p><h2>热门技能 Top20</h2><table><#list skillHot as item><tr><td>${item.name}</td><td>${item.value}</td></tr></#list></table></body></html>', 1, 0, '2026-07-02 16:45:00'),
(5, 1, '旧版月报模板（标签未闭合已停用）', NULL, 'MONTHLY', '<html><body><h1>${title}<table><tr><td>废弃', 0, 0, '2026-06-19 11:00:00'),
(6, 2, '就业市场月度分析报告', NULL, 'MONTHLY', NULL, 1, 0, '2026-07-03 10:00:00');

-- ---------- 报告记录（一条历史失败记录，对应模板5被停用的原因；成功记录请在页面上现场生成）----------
INSERT INTO report_record (id, tenant_id, template_id, params, file_url, file_type, status, error_msg, create_time) VALUES
(1, 1, 5, '{}', NULL, 'PDF', 'FAILED', 'PDF 渲染失败：模板 HTML 标签未闭合（tr/td/table）', '2026-06-28 14:12:00');

-- ---------- 推送记录 ----------
INSERT INTO push_record (id, tenant_id, user_id, type, title, content, is_read, create_time) VALUES
(1, 1, 2, 'RECOMMEND', '为你推荐：大数据开发工程师', '根据你的画像为你匹配到职位【大数据开发工程师】- 天翼软件股份有限公司（杭州，8000-11500元/月），快去看看吧！', 1, '2026-07-01 11:42:11'),
(2, 1, 2, 'RECOMMEND', '为你推荐：游戏数值策划', '根据你的画像为你匹配到职位【游戏数值策划】- 云栖数智信息技术有限公司（杭州，6000-9000元/月），快去看看吧！', 1, '2026-07-01 14:29:53'),
(3, 1, 2, 'SYSTEM', '欢迎使用职业能力大数据服务平台', '完善个人画像（专业、技能、意向城市）后，系统将为你提供更精准的职位推荐。', 1, '2026-06-20 10:00:02'),
(4, 1, 5, 'RECOMMEND', '为你推荐：游戏服务端开发', '根据你的画像为你匹配到职位【游戏服务端开发】- 华信云科技有限公司（上海，12500-18000元/月），快去看看吧！', 0, '2026-07-01 16:26:39'),
(5, 1, 5, 'RECOMMEND', '为你推荐：游戏服务端开发', '根据你的画像为你匹配到职位【游戏服务端开发】- 精工智造装备股份有限公司（上海，16500-24000元/月），快去看看吧！', 0, '2026-07-01 20:13:48'),
(6, 1, 5, 'SYSTEM', '欢迎使用职业能力大数据服务平台', '完善个人画像（专业、技能、意向城市）后，系统将为你提供更精准的职位推荐。', 1, '2026-06-20 10:00:05'),
(7, 1, 6, 'RECOMMEND', '为你推荐：大数据开发工程师', '根据你的画像为你匹配到职位【大数据开发工程师】- 慧眼视觉科技有限公司（北京，12500-18000元/月），快去看看吧！', 0, '2026-07-02 01:30:41'),
(8, 1, 6, 'RECOMMEND', '为你推荐：NLP算法工程师', '根据你的画像为你匹配到职位【NLP算法工程师】- 博睿人工智能研究院有限公司（北京，11000-16500元/月），快去看看吧！', 0, '2026-07-02 04:12:27'),
(9, 1, 6, 'SYSTEM', '欢迎使用职业能力大数据服务平台', '完善个人画像（专业、技能、意向城市）后，系统将为你提供更精准的职位推荐。', 1, '2026-06-20 10:00:06'),
(10, 1, 7, 'RECOMMEND', '为你推荐：运维开发工程师', '根据你的画像为你匹配到职位【运维开发工程师】- 乐游互动娱乐有限公司（北京，9000-13500元/月），快去看看吧！', 0, '2026-07-02 05:34:02'),
(11, 1, 7, 'RECOMMEND', '为你推荐：测试开发工程师', '根据你的画像为你匹配到职位【测试开发工程师】- 金桥融信金融服务有限公司（北京，18000-27000元/月），快去看看吧！', 1, '2026-07-02 07:58:08'),
(12, 1, 7, 'SYSTEM', '欢迎使用职业能力大数据服务平台', '完善个人画像（专业、技能、意向城市）后，系统将为你提供更精准的职位推荐。', 1, '2026-06-20 10:00:07'),
(13, 1, 8, 'RECOMMEND', '为你推荐：计算机视觉工程师', '根据你的画像为你匹配到职位【计算机视觉工程师】- 康桥医疗信息科技有限公司（深圳，18500-27500元/月），快去看看吧！', 1, '2026-07-02 09:30:30'),
(14, 1, 8, 'RECOMMEND', '为你推荐：后端开发工程师', '根据你的画像为你匹配到职位【后端开发工程师】- 联达自动化技术有限公司（深圳，8000-11500元/月），快去看看吧！', 1, '2026-07-02 12:56:09'),
(15, 1, 8, 'SYSTEM', '欢迎使用职业能力大数据服务平台', '完善个人画像（专业、技能、意向城市）后，系统将为你提供更精准的职位推荐。', 1, '2026-06-20 10:00:08'),
(16, 1, 9, 'RECOMMEND', '为你推荐：运维开发工程师', '根据你的画像为你匹配到职位【运维开发工程师】- 天翼软件股份有限公司（深圳，7000-10000元/月），快去看看吧！', 1, '2026-07-02 17:51:50'),
(17, 1, 9, 'RECOMMEND', '为你推荐：后端开发工程师', '根据你的画像为你匹配到职位【后端开发工程师】- 联达自动化技术有限公司（深圳，8000-11500元/月），快去看看吧！', 1, '2026-07-02 21:18:25'),
(18, 1, 9, 'SYSTEM', '欢迎使用职业能力大数据服务平台', '完善个人画像（专业、技能、意向城市）后，系统将为你提供更精准的职位推荐。', 1, '2026-06-20 10:00:09'),
(19, 1, 10, 'RECOMMEND', '为你推荐：数据仓库工程师', '根据你的画像为你匹配到职位【数据仓库工程师】- 优选电商集团有限公司（杭州，13500-20000元/月），快去看看吧！', 0, '2026-07-03 00:38:56'),
(20, 1, 10, 'RECOMMEND', '为你推荐：用户增长运营', '根据你的画像为你匹配到职位【用户增长运营】- 数联云图大数据有限公司（杭州，7500-11000元/月），快去看看吧！', 0, '2026-07-03 04:55:38'),
(21, 1, 10, 'SYSTEM', '欢迎使用职业能力大数据服务平台', '完善个人画像（专业、技能、意向城市）后，系统将为你提供更精准的职位推荐。', 1, '2026-06-20 10:00:10'),
(22, 1, 11, 'RECOMMEND', '为你推荐：实时计算工程师', '根据你的画像为你匹配到职位【实时计算工程师】- 云栖数智信息技术有限公司（南京，12000-17500元/月），快去看看吧！', 1, '2026-07-03 06:18:27'),
(23, 1, 11, 'RECOMMEND', '为你推荐：大数据开发工程师', '根据你的画像为你匹配到职位【大数据开发工程师】- 数联云图大数据有限公司（南京，8500-12500元/月），快去看看吧！', 1, '2026-07-03 08:58:23'),
(24, 1, 11, 'SYSTEM', '欢迎使用职业能力大数据服务平台', '完善个人画像（专业、技能、意向城市）后，系统将为你提供更精准的职位推荐。', 1, '2026-06-20 10:00:11'),
(25, 1, 12, 'RECOMMEND', '为你推荐：游戏数值策划', '根据你的画像为你匹配到职位【游戏数值策划】- 乐游互动娱乐有限公司（上海，7500-10500元/月），快去看看吧！', 1, '2026-07-03 11:28:57'),
(26, 1, 12, 'RECOMMEND', '为你推荐：用户增长运营', '根据你的画像为你匹配到职位【用户增长运营】- 星辉游戏开发有限公司（上海，14500-21500元/月），快去看看吧！', 1, '2026-07-03 15:34:28'),
(27, 1, 12, 'SYSTEM', '欢迎使用职业能力大数据服务平台', '完善个人画像（专业、技能、意向城市）后，系统将为你提供更精准的职位推荐。', 1, '2026-06-20 10:00:12'),
(28, 1, 13, 'RECOMMEND', '为你推荐：测试开发工程师', '根据你的画像为你匹配到职位【测试开发工程师】- 云栖数智信息技术有限公司（南京，12000-17500元/月），快去看看吧！', 0, '2026-07-03 20:15:10'),
(29, 1, 13, 'SYSTEM', '欢迎使用职业能力大数据服务平台', '完善个人画像（专业、技能、意向城市）后，系统将为你提供更精准的职位推荐。', 1, '2026-06-20 10:00:13'),
(30, 1, 14, 'RECOMMEND', '为你推荐：在线课程产品经理', '根据你的画像为你匹配到职位【在线课程产品经理】- 智汇未来教育科技有限公司（北京，9000-13000元/月），快去看看吧！', 0, '2026-07-03 22:57:11'),
(31, 1, 14, 'RECOMMEND', '为你推荐：教学数据分析师（校招）', '根据你的画像为你匹配到职位【教学数据分析师（校招）】- 智汇未来教育科技有限公司（北京，7500-11000元/月），快去看看吧！', 1, '2026-07-04 02:15:40'),
(32, 1, 14, 'SYSTEM', '欢迎使用职业能力大数据服务平台', '完善个人画像（专业、技能、意向城市）后，系统将为你提供更精准的职位推荐。', 1, '2026-06-20 10:00:14'),
(33, 1, 15, 'RECOMMEND', '为你推荐：自动化测试工程师', '根据你的画像为你匹配到职位【自动化测试工程师】- 乐游互动娱乐有限公司（苏州，6000-8500元/月），快去看看吧！', 1, '2026-07-04 07:08:11'),
(34, 1, 15, 'RECOMMEND', '为你推荐：计算机视觉工程师', '根据你的画像为你匹配到职位【计算机视觉工程师】- 数联云图大数据有限公司（苏州，11500-17000元/月），快去看看吧！', 1, '2026-07-04 08:08:28'),
(35, 1, 15, 'SYSTEM', '欢迎使用职业能力大数据服务平台', '完善个人画像（专业、技能、意向城市）后，系统将为你提供更精准的职位推荐。', 1, '2026-06-20 10:00:15'),
(36, 1, 16, 'SYSTEM', '请完善个人画像', '检测到你尚未填写专业、技能与求职意向，完善后才能使用职位推荐功能。', 0, '2026-07-02 09:00:00'),
(37, 2, 24, 'SYSTEM', '欢迎使用职业能力大数据服务平台', '完善个人画像后，系统将为你提供更精准的职位推荐。', 0, '2026-07-03 09:00:00');

-- ---------- 学生行为（VIEW→FAVORITE→APPLY 时间有序，职位均真实存在）----------
INSERT INTO student_behavior (id, tenant_id, user_id, job_id, action, create_time) VALUES
(1, 1, 15, 68, 'VIEW', '2026-06-21 11:50:48'),
(2, 1, 15, 63, 'VIEW', '2026-06-21 19:20:05'),
(3, 1, 13, 15, 'VIEW', '2026-06-21 22:02:53'),
(4, 1, 13, 15, 'IGNORE', '2026-06-21 22:07:06'),
(5, 1, 15, 68, 'FAVORITE', '2026-06-22 05:00:43'),
(6, 1, 10, 49, 'VIEW', '2026-06-22 06:07:19'),
(7, 1, 8, 4, 'VIEW', '2026-06-22 13:29:58'),
(8, 1, 8, 4, 'FAVORITE', '2026-06-22 13:43:38'),
(9, 1, 15, 68, 'APPLY', '2026-06-22 22:19:58'),
(10, 1, 9, 4, 'VIEW', '2026-06-23 23:03:38'),
(11, 1, 15, 20, 'VIEW', '2026-06-24 10:10:22'),
(12, 1, 9, 4, 'FAVORITE', '2026-06-24 11:33:34'),
(13, 1, 11, 47, 'VIEW', '2026-06-24 11:49:00'),
(14, 1, 14, 94, 'VIEW', '2026-06-24 12:11:35'),
(15, 1, 14, 94, 'IGNORE', '2026-06-24 12:20:04'),
(16, 1, 15, 20, 'APPLY', '2026-06-24 16:22:25'),
(17, 1, 11, 47, 'APPLY', '2026-06-25 05:53:41'),
(18, 1, 6, 96, 'VIEW', '2026-06-25 20:34:28'),
(19, 1, 10, 33, 'VIEW', '2026-06-26 00:22:57'),
(20, 1, 10, 33, 'IGNORE', '2026-06-26 00:31:44'),
(21, 1, 5, 93, 'VIEW', '2026-06-26 11:12:32'),
(22, 1, 6, 96, 'APPLY', '2026-06-26 18:29:36'),
(23, 1, 5, 93, 'APPLY', '2026-06-26 20:29:34'),
(24, 1, 14, 68, 'VIEW', '2026-06-26 22:45:47'),
(25, 1, 14, 68, 'FAVORITE', '2026-06-27 00:49:49'),
(26, 1, 5, 93, 'FAVORITE', '2026-06-27 05:35:38'),
(27, 1, 14, 68, 'APPLY', '2026-06-27 08:38:54'),
(28, 1, 6, 32, 'VIEW', '2026-06-27 11:13:55'),
(29, 1, 6, 32, 'FAVORITE', '2026-06-27 12:11:23'),
(30, 1, 11, 59, 'VIEW', '2026-06-27 17:18:13'),
(31, 1, 11, 59, 'FAVORITE', '2026-06-27 22:53:16'),
(32, 1, 6, 94, 'VIEW', '2026-06-28 11:50:01'),
(33, 1, 6, 94, 'APPLY', '2026-06-28 18:58:10'),
(34, 1, 15, 37, 'VIEW', '2026-06-28 21:28:41'),
(35, 1, 7, 96, 'APPLY', '2026-06-29 09:34:06'),
(36, 1, 11, 26, 'VIEW', '2026-06-29 09:40:53'),
(37, 1, 6, 32, 'APPLY', '2026-06-29 10:30:40'),
(38, 1, 11, 45, 'VIEW', '2026-06-29 14:38:24'),
(39, 1, 11, 26, 'FAVORITE', '2026-06-29 18:44:57'),
(40, 1, 13, 37, 'VIEW', '2026-06-29 20:25:24'),
(41, 1, 11, 26, 'APPLY', '2026-06-29 23:26:57'),
(42, 1, 5, 26, 'VIEW', '2026-06-29 23:28:48'),
(43, 1, 11, 93, 'VIEW', '2026-06-30 06:44:51'),
(44, 1, 11, 93, 'APPLY', '2026-06-30 13:43:24'),
(45, 1, 7, 96, 'VIEW', '2026-06-30 14:53:39'),
(46, 1, 5, 26, 'FAVORITE', '2026-06-30 16:19:57'),
(47, 1, 12, 21, 'VIEW', '2026-06-30 17:19:04'),
(48, 1, 14, 32, 'VIEW', '2026-06-30 17:36:00'),
(49, 1, 13, 1, 'VIEW', '2026-06-30 19:06:56'),
(50, 1, 14, 94, 'APPLY', '2026-06-30 19:16:41'),
(51, 1, 15, 16, 'VIEW', '2026-06-30 22:30:11'),
(52, 1, 11, 40, 'VIEW', '2026-07-01 02:41:11'),
(53, 1, 12, 21, 'FAVORITE', '2026-07-01 03:51:19'),
(54, 1, 2, 46, 'VIEW', '2026-07-01 05:21:22'),
(55, 1, 5, 11, 'VIEW', '2026-07-01 06:32:43'),
(56, 1, 15, 16, 'APPLY', '2026-07-01 10:46:03'),
(57, 1, 5, 25, 'VIEW', '2026-07-01 11:49:09'),
(58, 1, 6, 68, 'VIEW', '2026-07-01 15:53:33'),
(59, 1, 8, 41, 'VIEW', '2026-07-01 18:29:19'),
(60, 1, 10, 56, 'VIEW', '2026-07-01 18:41:05'),
(61, 1, 6, 68, 'FAVORITE', '2026-07-01 19:33:08'),
(62, 1, 2, 19, 'VIEW', '2026-07-01 19:57:35'),
(63, 1, 11, 40, 'FAVORITE', '2026-07-02 00:20:19'),
(64, 1, 14, 10, 'VIEW', '2026-07-02 00:42:06'),
(65, 1, 14, 10, 'IGNORE', '2026-07-02 00:47:46'),
(66, 1, 12, 25, 'VIEW', '2026-07-02 00:51:14'),
(67, 1, 8, 41, 'FAVORITE', '2026-07-02 03:24:53'),
(68, 2, 24, 59, 'VIEW', '2026-07-02 06:02:27'),
(69, 1, 2, 25, 'VIEW', '2026-07-02 06:08:00'),
(70, 1, 5, 59, 'VIEW', '2026-07-02 07:36:14'),
(71, 1, 6, 40, 'VIEW', '2026-07-02 11:46:36'),
(72, 1, 2, 41, 'VIEW', '2026-07-02 14:57:04'),
(73, 1, 15, 45, 'VIEW', '2026-07-02 15:21:41'),
(74, 1, 15, 45, 'IGNORE', '2026-07-02 15:27:53'),
(75, 1, 10, 56, 'FAVORITE', '2026-07-02 17:33:41'),
(76, 1, 5, 59, 'FAVORITE', '2026-07-02 21:21:24'),
(77, 1, 2, 41, 'FAVORITE', '2026-07-03 02:03:39'),
(78, 1, 14, 95, 'VIEW', '2026-07-03 04:26:55'),
(79, 1, 9, 41, 'VIEW', '2026-07-03 05:05:47'),
(80, 1, 9, 12, 'VIEW', '2026-07-03 05:12:07'),
(81, 1, 2, 26, 'VIEW', '2026-07-03 11:48:45'),
(82, 1, 15, 42, 'VIEW', '2026-07-03 16:01:58'),
(83, 1, 8, 29, 'VIEW', '2026-07-03 19:09:56'),
(84, 1, 8, 41, 'APPLY', '2026-07-03 20:51:44'),
(85, 1, 10, 19, 'VIEW', '2026-07-04 03:25:12'),
(86, 1, 15, 42, 'FAVORITE', '2026-07-04 04:12:00'),
(87, 1, 12, 29, 'VIEW', '2026-07-04 08:07:54'),
(88, 1, 6, 95, 'APPLY', '2026-07-04 14:09:48'),
(89, 1, 13, 52, 'VIEW', '2026-07-04 14:42:19'),
(90, 1, 13, 52, 'IGNORE', '2026-07-04 14:44:17'),
(91, 1, 10, 12, 'VIEW', '2026-07-04 16:09:31'),
(92, 1, 6, 29, 'VIEW', '2026-07-04 17:14:26'),
(93, 1, 10, 19, 'FAVORITE', '2026-07-04 21:38:12'),
(94, 1, 6, 95, 'VIEW', '2026-07-04 23:05:25'),
(95, 1, 12, 29, 'FAVORITE', '2026-07-04 23:27:45'),
(96, 1, 2, 92, 'VIEW', '2026-07-04 23:57:23'),
(97, 1, 10, 67, 'VIEW', '2026-07-05 05:36:27'),
(98, 1, 6, 66, 'VIEW', '2026-07-05 06:01:45'),
(99, 2, 24, 64, 'VIEW', '2026-07-05 08:33:50'),
(100, 2, 24, 64, 'IGNORE', '2026-07-05 08:35:26'),
(101, 1, 9, 29, 'VIEW', '2026-07-05 08:36:37'),
(102, 1, 7, 95, 'VIEW', '2026-07-05 09:20:00'),
(103, 1, 5, 92, 'VIEW', '2026-07-05 10:03:14'),
(104, 1, 10, 67, 'FAVORITE', '2026-07-05 10:12:36'),
(105, 1, 6, 3, 'VIEW', '2026-07-05 10:58:12'),
(106, 1, 12, 23, 'VIEW', '2026-07-05 11:03:49'),
(107, 1, 2, 92, 'FAVORITE', '2026-07-05 12:23:00'),
(108, 1, 8, 64, 'VIEW', '2026-07-05 13:28:00'),
(109, 1, 8, 64, 'IGNORE', '2026-07-05 13:29:21'),
(110, 1, 14, 14, 'VIEW', '2026-07-05 14:00:00'),
(111, 1, 10, 67, 'APPLY', '2026-07-05 14:54:03'),
(112, 1, 7, 95, 'APPLY', '2026-07-05 15:59:14'),
(113, 1, 9, 28, 'VIEW', '2026-07-05 16:21:10'),
(114, 1, 5, 23, 'VIEW', '2026-07-05 17:19:25'),
(115, 1, 2, 27, 'VIEW', '2026-07-05 20:07:29'),
(116, 1, 11, 27, 'VIEW', '2026-07-05 20:09:57'),
(117, 1, 15, 76, 'VIEW', '2026-07-05 20:35:49'),
(118, 1, 15, 76, 'IGNORE', '2026-07-05 20:41:21'),
(119, 1, 7, 5, 'VIEW', '2026-07-05 20:56:27'),
(120, 1, 5, 92, 'APPLY', '2026-07-05 21:24:32'),
(121, 1, 2, 27, 'APPLY', '2026-07-05 21:45:59'),
(122, 1, 13, 51, 'VIEW', '2026-07-05 22:22:20'),
(123, 1, 13, 51, 'IGNORE', '2026-07-05 22:25:46'),
(124, 1, 9, 29, 'FAVORITE', '2026-07-05 23:20:04'),
(125, 1, 6, 66, 'APPLY', '2026-07-05 23:57:42'),
(126, 2, 24, 2, 'VIEW', '2026-07-06 00:21:33'),
(127, 1, 14, 23, 'VIEW', '2026-07-06 02:55:12'),
(128, 1, 14, 14, 'FAVORITE', '2026-07-06 03:13:06'),
(129, 1, 11, 18, 'VIEW', '2026-07-06 03:35:05'),
(130, 1, 11, 13, 'VIEW', '2026-07-06 04:11:13'),
(131, 1, 10, 54, 'VIEW', '2026-07-06 07:33:25'),
(132, 1, 2, 85, 'VIEW', '2026-07-06 08:07:56'),
(133, 2, 24, 39, 'VIEW', '2026-07-06 08:56:02'),
(134, 1, 11, 18, 'FAVORITE', '2026-07-06 09:51:55'),
(135, 1, 12, 29, 'APPLY', '2026-07-06 12:03:35'),
(136, 1, 15, 6, 'VIEW', '2026-07-06 12:06:53'),
(137, 1, 10, 78, 'VIEW', '2026-07-06 14:12:21'),
(138, 1, 15, 34, 'VIEW', '2026-07-06 17:28:49'),
(139, 2, 24, 6, 'VIEW', '2026-07-06 18:29:36'),
(140, 1, 10, 19, 'APPLY', '2026-07-06 20:01:39'),
(141, 2, 24, 6, 'FAVORITE', '2026-07-06 20:45:49'),
(142, 1, 7, 66, 'VIEW', '2026-07-06 22:58:14'),
(143, 1, 13, 92, 'VIEW', '2026-07-06 23:15:25'),
(144, 1, 2, 65, 'VIEW', '2026-07-07 01:19:20'),
(145, 1, 2, 2, 'VIEW', '2026-07-07 01:22:23'),
(146, 1, 2, 2, 'IGNORE', '2026-07-07 01:25:04'),
(147, 1, 2, 85, 'FAVORITE', '2026-07-07 03:00:48'),
(148, 1, 11, 24, 'VIEW', '2026-07-07 03:09:38'),
(149, 1, 10, 54, 'FAVORITE', '2026-07-07 04:14:06'),
(150, 1, 7, 66, 'FAVORITE', '2026-07-07 04:50:46'),
(151, 1, 2, 85, 'APPLY', '2026-07-07 07:34:51'),
(152, 1, 11, 72, 'VIEW', '2026-07-07 09:06:30'),
(153, 1, 10, 53, 'VIEW', '2026-07-07 10:09:45'),
(154, 1, 5, 55, 'VIEW', '2026-07-07 10:41:43'),
(155, 1, 13, 92, 'APPLY', '2026-07-07 10:55:06'),
(156, 1, 9, 5, 'VIEW', '2026-07-07 11:08:27'),
(157, 1, 8, 72, 'VIEW', '2026-07-07 11:28:06'),
(158, 1, 8, 72, 'IGNORE', '2026-07-07 11:30:32'),
(159, 1, 10, 53, 'APPLY', '2026-07-07 12:40:31'),
(160, 1, 2, 65, 'FAVORITE', '2026-07-07 13:13:44'),
(161, 1, 2, 62, 'VIEW', '2026-07-07 15:19:53'),
(162, 1, 2, 62, 'IGNORE', '2026-07-07 15:22:03'),
(163, 1, 7, 66, 'APPLY', '2026-07-07 15:37:13'),
(164, 1, 10, 57, 'VIEW', '2026-07-08 02:21:22'),
(165, 1, 10, 57, 'IGNORE', '2026-07-08 02:25:03'),
(166, 1, 9, 5, 'FAVORITE', '2026-07-08 02:29:42'),
(167, 1, 5, 44, 'VIEW', '2026-07-08 02:50:09'),
(168, 1, 9, 87, 'VIEW', '2026-07-08 02:58:49'),
(169, 1, 12, 69, 'VIEW', '2026-07-08 03:10:31'),
(170, 1, 9, 89, 'VIEW', '2026-07-08 03:10:49'),
(171, 1, 9, 89, 'IGNORE', '2026-07-08 03:20:16'),
(172, 1, 2, 36, 'VIEW', '2026-07-08 03:38:57'),
(173, 1, 5, 58, 'VIEW', '2026-07-08 03:40:12'),
(174, 1, 5, 58, 'IGNORE', '2026-07-08 03:42:11'),
(175, 1, 11, 36, 'VIEW', '2026-07-08 04:22:49'),
(176, 1, 12, 82, 'VIEW', '2026-07-08 05:03:46'),
(177, 1, 11, 22, 'VIEW', '2026-07-08 05:10:13'),
(178, 1, 5, 88, 'VIEW', '2026-07-08 05:17:53'),
(179, 1, 5, 73, 'VIEW', '2026-07-08 06:32:07'),
(180, 1, 15, 86, 'VIEW', '2026-07-08 07:11:21'),
(181, 1, 5, 60, 'VIEW', '2026-07-08 07:34:45'),
(182, 1, 8, 61, 'VIEW', '2026-07-08 07:38:07'),
(183, 1, 5, 17, 'VIEW', '2026-07-08 08:06:56'),
(184, 1, 8, 87, 'VIEW', '2026-07-08 08:53:45'),
(185, 1, 11, 80, 'VIEW', '2026-07-08 08:58:07'),
(186, 1, 7, 84, 'VIEW', '2026-07-08 09:03:47'),
(187, 1, 14, 50, 'VIEW', '2026-07-08 09:17:13'),
(188, 1, 2, 48, 'VIEW', '2026-07-08 09:17:26'),
(189, 1, 5, 71, 'VIEW', '2026-07-08 09:24:11'),
(190, 1, 12, 44, 'VIEW', '2026-07-08 09:56:32'),
(191, 1, 12, 88, 'VIEW', '2026-07-08 10:09:48'),
(192, 1, 12, 88, 'IGNORE', '2026-07-08 10:10:58'),
(193, 1, 9, 87, 'FAVORITE', '2026-07-08 10:26:03'),
(194, 1, 15, 81, 'VIEW', '2026-07-08 11:07:39'),
(195, 2, 24, 31, 'VIEW', '2026-07-08 11:15:59'),
(196, 2, 24, 31, 'IGNORE', '2026-07-08 11:17:02'),
(197, 1, 12, 82, 'FAVORITE', '2026-07-08 12:02:03'),
(198, 1, 7, 38, 'VIEW', '2026-07-08 12:17:18'),
(199, 1, 14, 74, 'VIEW', '2026-07-08 13:00:55'),
(200, 1, 15, 69, 'VIEW', '2026-07-08 13:05:31'),
(201, 1, 7, 50, 'VIEW', '2026-07-08 13:28:29'),
(202, 1, 8, 75, 'VIEW', '2026-07-08 13:55:29'),
(203, 1, 7, 74, 'VIEW', '2026-07-08 13:58:18'),
(204, 1, 6, 38, 'VIEW', '2026-07-08 14:07:08'),
(205, 1, 12, 44, 'FAVORITE', '2026-07-08 14:10:28'),
(206, 1, 9, 75, 'VIEW', '2026-07-08 14:35:58'),
(207, 1, 12, 60, 'VIEW', '2026-07-08 15:15:56'),
(208, 1, 2, 48, 'FAVORITE', '2026-07-08 15:35:38'),
(209, 1, 11, 70, 'VIEW', '2026-07-08 15:47:01'),
(210, 2, 24, 73, 'VIEW', '2026-07-08 16:15:21'),
(211, 2, 24, 71, 'VIEW', '2026-07-08 16:37:13'),
(212, 2, 24, 71, 'IGNORE', '2026-07-08 16:41:37'),
(213, 1, 8, 60, 'VIEW', '2026-07-08 16:46:17'),
(214, 1, 13, 17, 'VIEW', '2026-07-08 16:49:16'),
(215, 1, 13, 17, 'IGNORE', '2026-07-08 16:51:59'),
(216, 1, 8, 89, 'VIEW', '2026-07-08 16:56:46'),
(217, 1, 15, 74, 'VIEW', '2026-07-08 17:02:38'),
(218, 1, 5, 17, 'APPLY', '2026-07-08 17:07:42'),
(219, 1, 8, 75, 'FAVORITE', '2026-07-08 17:21:31'),
(220, 1, 7, 79, 'VIEW', '2026-07-08 17:22:01'),
(221, 2, 24, 90, 'VIEW', '2026-07-08 17:36:49'),
(222, 1, 14, 84, 'VIEW', '2026-07-08 18:49:26'),
(223, 1, 13, 31, 'VIEW', '2026-07-08 18:59:26'),
(224, 1, 12, 58, 'VIEW', '2026-07-08 19:01:17'),
(225, 1, 8, 89, 'FAVORITE', '2026-07-08 20:05:30'),
(226, 1, 13, 86, 'VIEW', '2026-07-08 20:47:11'),
(227, 1, 5, 88, 'FAVORITE', '2026-07-08 21:05:13'),
(228, 1, 15, 86, 'FAVORITE', '2026-07-08 22:12:19'),
(229, 1, 11, 70, 'FAVORITE', '2026-07-08 23:13:13'),
(230, 1, 2, 91, 'VIEW', '2026-07-08 23:30:03'),
(231, 2, 24, 90, 'FAVORITE', '2026-07-08 23:34:52'),
(232, 1, 5, 91, 'VIEW', '2026-07-09 00:08:09'),
(233, 1, 5, 60, 'FAVORITE', '2026-07-09 00:31:48'),
(234, 1, 5, 91, 'APPLY', '2026-07-09 01:41:08'),
(235, 1, 9, 87, 'APPLY', '2026-07-09 02:04:25'),
(236, 1, 6, 38, 'FAVORITE', '2026-07-09 05:09:52'),
(237, 1, 14, 74, 'FAVORITE', '2026-07-09 05:40:43'),
(238, 1, 2, 91, 'FAVORITE', '2026-07-09 06:21:07'),
(239, 1, 15, 81, 'FAVORITE', '2026-07-09 08:59:50'),
(240, 1, 12, 60, 'FAVORITE', '2026-07-09 10:35:07'),
(241, 1, 8, 89, 'APPLY', '2026-07-09 11:33:49'),
(242, 1, 7, 50, 'FAVORITE', '2026-07-09 11:40:05');

-- ---------- API 客户端 ----------
-- api_secret 以 BCrypt 存储（与 sys_user.password_hash 同一套编码器）。
-- 调用 /api/open/auth/token 时传明文 secret，服务端用 passwordEncoder.matches 比对：
--   occ_test_2026       → demo_secret_key_for_dev
--   occ_portal_2026     → portal_secret_key_for_dev
--   occ_screen_2025     → screen_secret_key_deprecated（客户端已停用）
--   occ_demo_univ_2026  → demo_univ_secret_key（租户 2）
INSERT INTO api_client (id, tenant_id, client_name, api_key, api_secret, scopes, status, create_time) VALUES
(1, 1, '测试客户端', 'occ_test_2026', '$2a$10$LotAmCrhQI8dQNSB3ouPB.NdT9mRVoQys8.5RYIaOVNnnFapmX7AC', 'jobs:read,reports:read,skills:read', 1, '2026-06-18 10:00:00'),
(2, 1, '就业信息门户', 'occ_portal_2026', '$2a$10$7b6HPt1Iub1QutbFFTYHyOw8wzqaZ8.CfC3YegqRuWmW7C4eyaTQ6', 'jobs:read,skills:read', 1, '2026-06-30 11:20:00'),
(3, 1, '旧数据大屏（已停用）', 'occ_screen_2025', '$2a$10$fCjw5VlVieCsk5HnhZlaMe7cM0WWSt5JMTu4CZZ4xMiRdtiH75faq', 'jobs:read', 0, '2026-06-18 10:10:00'),
(4, 2, '示范大学门户', 'occ_demo_univ_2026', '$2a$10$PompgOywvbOs8I3NNuRhd.DJrZYoblDjF9sSoPjxxPWd.veDxughq', 'jobs:read,reports:read', 1, '2026-07-03 11:30:00');

-- ---------- 系统告警（CRAWLER_FAILURE 与 crawler_log 失败记录时间对应）----------
INSERT INTO sys_alert (id, tenant_id, type, level, content, is_read, create_time) VALUES
(1, 1, 'SYSTEM', 'INFO', '系统初始化完成，欢迎使用职业能力大数据服务平台', 1, '2026-06-18 10:00:00'),
(2, 1, 'CRAWLER_FAILURE', 'ERROR', 'Boss直聘采集任务失败：连接目标站点超时（已重试 3 次），任务已自动停用', 1, '2026-06-21 03:02:15'),
(3, 1, 'KAFKA_LAG', 'WARN', 'Kafka 消费组 raw-job-data-group 消息积压 1240 条，请关注清洗服务消费速率', 1, '2026-07-05 02:40:00'),
(4, 1, 'DB_POOL', 'WARN', '数据库连接池使用率达 85%（17/20），高峰期请留意慢查询', 0, '2026-07-08 15:22:00'),
(5, 1, 'SYSTEM', 'INFO', '统计分析任务完成：本次重算写入 103 条结果（industry/city/education/skill/trend 五个维度）', 0, '2026-07-09 08:00:00'),
(6, 2, 'SYSTEM', 'INFO', '系统初始化完成，欢迎使用职业能力大数据服务平台', 0, '2026-07-03 11:00:00');

